order_id,customer_id,product_id,order_date,channel,quantity,unit_price,status,gross_revenue
1,321,7,2025-06-15,eBay,4,112.57,completed,450.28
2,489,12,2025-04-28,Website,1,71.75,completed,71.75
3,244,14,2025-01-21,Amazon,5,86.37,refunded,431.85
4,387,1,2025-11-30,Offline Trade,5,58.46,completed,292.3
5,97,5,2025-10-27,Offline Trade,2,111.48,refunded,222.96
6,142,15,2025-08-29,eBay,1,64.05,refunded,64.05
7,358,3,2025-06-14,Website,3,87.18,completed,261.54
8,319,3,2025-07-30,Offline Trade,3,87.18,completed,261.54
9,232,15,2025-10-09,Website,4,64.05,refunded,256.2
10,354,15,2025-06-11,eBay,1,64.05,completed,64.05
11,71,8,2025-07-26,Website,1,68.99,cancelled,68.99
12,454,6,2025-07-31,Website,4,78.01,completed,312.04
13,146,2,2025-07-05,Offline Trade,5,40.62,refunded,203.1
14,369,2,2025-04-15,eBay,1,40.62,cancelled,40.62
15,336,4,2025-05-28,Offline Trade,2,58.85,refunded,117.7
16,141,1,2025-01-15,Amazon,1,58.46,completed,58.46
17,435,9,2025-10-10,Website,3,109.74,cancelled,329.22
18,499,12,2025-02-17,Amazon,4,71.75,completed,287.0
19,274,3,2025-03-02,Amazon,4,87.18,refunded,348.72
20,104,15,2025-09-18,eBay,3,64.05,refunded,192.15
21,448,12,2025-08-30,Amazon,4,71.75,refunded,287.0
22,160,1,2025-03-16,Offline Trade,5,58.46,completed,292.3
23,274,6,2025-09-18,Amazon,5,78.01,completed,390.05
24,450,16,2025-08-01,eBay,3,17.01,cancelled,51.03
25,247,13,2025-01-02,eBay,3,21.93,completed,65.79
26,82,6,2025-10-24,Offline Trade,5,78.01,completed,390.05
27,183,4,2025-10-03,Offline Trade,4,58.85,completed,235.4
28,12,5,2025-10-10,Offline Trade,3,111.48,refunded,334.44
29,273,2,2025-04-07,Amazon,3,40.62,cancelled,121.86
30,351,15,2025-04-30,Offline Trade,4,64.05,completed,256.2
31,318,9,2025-08-31,Offline Trade,3,109.74,refunded,329.22
32,472,16,2025-09-11,Website,2,17.01,completed,34.02
33,317,10,2025-10-30,eBay,5,16.0,completed,80.0
34,165,5,2025-02-21,Offline Trade,4,111.48,completed,445.92
35,98,5,2025-07-29,Amazon,2,111.48,completed,222.96
36,263,3,2025-05-16,eBay,4,87.18,cancelled,348.72
37,316,6,2025-11-29,Website,4,78.01,completed,312.04
38,293,3,2025-07-14,eBay,5,87.18,refunded,435.9
39,6,11,2025-01-19,Website,5,42.45,completed,212.25
40,348,16,2025-04-27,Website,3,17.01,refunded,51.03
41,411,15,2025-11-21,Website,1,64.05,refunded,64.05
42,167,3,2025-12-22,eBay,2,87.18,completed,174.36
43,242,11,2025-06-16,Website,1,42.45,completed,42.45
44,263,13,2025-07-11,Offline Trade,3,21.93,completed,65.79
45,12,8,2025-09-29,Offline Trade,2,68.99,cancelled,137.98
46,469,5,2025-03-29,Amazon,2,111.48,completed,222.96
47,187,10,2025-07-15,Amazon,5,16.0,refunded,80.0
48,243,2,2025-03-15,Amazon,5,40.62,refunded,203.1
49,499,14,2025-08-24,eBay,3,86.37,completed,259.11
50,453,15,2025-05-28,Amazon,4,64.05,completed,256.2
51,319,1,2025-06-26,eBay,4,58.46,refunded,233.84
52,76,5,2025-08-22,eBay,3,111.48,completed,334.44
53,450,15,2025-09-05,Website,4,64.05,completed,256.2
54,484,10,2025-10-20,eBay,4,16.0,cancelled,64.0
55,183,2,2025-12-25,eBay,3,40.62,completed,121.86
56,287,11,2025-05-21,Website,4,42.45,cancelled,169.8
57,335,16,2025-11-07,Offline Trade,1,17.01,completed,17.01
58,115,16,2025-11-07,eBay,2,17.01,completed,34.02
59,60,5,2025-11-14,eBay,2,111.48,completed,222.96
60,215,10,2025-11-18,Website,1,16.0,completed,16.0
61,280,15,2025-01-18,eBay,4,64.05,completed,256.2
62,103,5,2025-06-01,eBay,1,111.48,refunded,111.48
63,208,2,2025-04-13,Amazon,2,40.62,cancelled,81.24
64,150,8,2025-09-29,eBay,3,68.99,completed,206.97
65,342,4,2025-09-04,eBay,3,58.85,completed,176.55
66,317,13,2025-08-28,Website,1,21.93,completed,21.93
67,173,15,2025-12-13,Offline Trade,2,64.05,cancelled,128.1
68,103,1,2025-02-16,Offline Trade,3,58.46,completed,175.38
69,198,10,2025-10-02,Website,3,16.0,refunded,48.0
70,363,7,2025-12-11,eBay,3,112.57,cancelled,337.71
71,28,7,2025-11-23,eBay,4,112.57,completed,450.28
72,148,1,2025-08-30,Website,2,58.46,cancelled,116.92
73,329,16,2025-06-17,Amazon,5,17.01,completed,85.05
74,203,15,2025-12-25,eBay,4,64.05,refunded,256.2
75,230,5,2025-03-13,Website,1,111.48,completed,111.48
76,326,1,2025-09-10,Website,3,58.46,completed,175.38
77,97,13,2025-10-03,Amazon,2,21.93,refunded,43.86
78,455,9,2025-07-09,Offline Trade,4,109.74,cancelled,438.96
79,468,6,2025-08-01,Website,2,78.01,refunded,156.02
80,229,16,2025-07-28,eBay,5,17.01,completed,85.05
81,325,1,2025-04-22,Offline Trade,3,58.46,refunded,175.38
82,385,9,2025-07-05,Website,2,109.74,completed,219.48
83,62,10,2025-11-27,eBay,5,16.0,completed,80.0
84,168,12,2025-05-22,Amazon,4,71.75,completed,287.0
85,131,2,2025-02-16,Amazon,4,40.62,cancelled,162.48
86,219,6,2025-01-26,eBay,1,78.01,completed,78.01
87,334,16,2025-10-17,Amazon,2,17.01,completed,34.02
88,79,13,2025-04-17,Amazon,5,21.93,completed,109.65
89,100,5,2025-03-17,Website,3,111.48,completed,334.44
90,46,12,2025-03-08,eBay,2,71.75,completed,143.5
91,191,16,2025-12-05,Website,1,17.01,completed,17.01
92,368,10,2025-07-03,Amazon,1,16.0,cancelled,16.0
93,160,4,2025-01-09,Amazon,3,58.85,completed,176.55
94,325,12,2025-03-06,Offline Trade,1,71.75,cancelled,71.75
95,337,6,2025-02-02,Offline Trade,1,78.01,refunded,78.01
96,66,11,2025-09-20,Website,3,42.45,refunded,127.35
97,370,12,2025-04-24,Website,5,71.75,cancelled,358.75
98,383,13,2025-08-23,Website,3,21.93,completed,65.79
99,82,5,2025-07-25,Offline Trade,4,111.48,completed,445.92
100,206,16,2025-12-31,Offline Trade,4,17.01,completed,68.04
101,349,11,2025-06-14,Amazon,1,42.45,completed,42.45
102,309,2,2025-05-21,eBay,2,40.62,refunded,81.24
103,200,8,2025-09-29,eBay,5,68.99,refunded,344.95
104,209,6,2025-11-06,Offline Trade,5,78.01,completed,390.05
105,232,12,2025-12-02,Amazon,1,71.75,refunded,71.75
106,184,2,2025-04-27,Offline Trade,4,40.62,completed,162.48
107,110,4,2025-07-24,Offline Trade,4,58.85,completed,235.4
108,284,13,2025-08-07,eBay,3,21.93,completed,65.79
109,213,12,2025-03-20,Offline Trade,3,71.75,completed,215.25
110,283,8,2025-02-13,Website,1,68.99,refunded,68.99
111,345,16,2025-07-10,Amazon,1,17.01,cancelled,17.01
112,189,7,2025-10-28,eBay,1,112.57,completed,112.57
113,458,10,2025-07-01,Offline Trade,4,16.0,completed,64.0
114,99,10,2025-11-04,eBay,3,16.0,completed,48.0
115,301,16,2025-10-23,Amazon,1,17.01,completed,17.01
116,362,13,2025-04-25,Website,4,21.93,completed,87.72
117,345,16,2025-07-08,Website,5,17.01,completed,85.05
118,224,10,2025-04-26,Offline Trade,5,16.0,cancelled,80.0
119,28,10,2025-11-11,Website,5,16.0,cancelled,80.0
120,102,4,2025-01-15,Amazon,3,58.85,completed,176.55
121,58,10,2025-06-23,eBay,3,16.0,completed,48.0
122,373,8,2025-03-15,Offline Trade,2,68.99,completed,137.98
123,266,5,2025-11-21,Website,2,111.48,completed,222.96
124,229,10,2025-04-21,Offline Trade,5,16.0,refunded,80.0
125,330,15,2025-06-24,Amazon,4,64.05,completed,256.2
126,174,2,2025-06-16,Website,3,40.62,completed,121.86
127,172,12,2025-03-22,Website,2,71.75,completed,143.5
128,60,4,2025-08-15,Offline Trade,3,58.85,refunded,176.55
129,91,13,2025-08-15,Offline Trade,5,21.93,completed,109.65
130,114,1,2025-09-20,Website,2,58.46,completed,116.92
131,245,1,2025-02-26,eBay,4,58.46,cancelled,233.84
132,466,7,2025-09-27,eBay,4,112.57,completed,450.28
133,209,2,2025-07-22,Website,2,40.62,completed,81.24
134,5,2,2025-06-04,Amazon,2,40.62,completed,81.24
135,422,5,2025-05-29,eBay,3,111.48,completed,334.44
136,158,13,2025-09-12,Offline Trade,1,21.93,completed,21.93
137,161,6,2025-07-14,Amazon,2,78.01,cancelled,156.02
138,25,9,2025-12-09,eBay,5,109.74,completed,548.7
139,95,5,2025-01-22,Offline Trade,4,111.48,completed,445.92
140,95,9,2025-02-09,eBay,4,109.74,cancelled,438.96
141,308,5,2025-10-21,Offline Trade,4,111.48,refunded,445.92
142,476,8,2025-02-28,Offline Trade,3,68.99,completed,206.97
143,89,12,2025-03-29,Offline Trade,3,71.75,completed,215.25
144,179,14,2025-08-12,Website,1,86.37,completed,86.37
145,439,1,2025-10-29,Offline Trade,4,58.46,cancelled,233.84
146,425,5,2025-07-22,eBay,1,111.48,completed,111.48
147,39,10,2025-06-20,Amazon,2,16.0,completed,32.0
148,371,14,2025-11-21,Website,5,86.37,cancelled,431.85
149,97,3,2025-04-10,eBay,5,87.18,completed,435.9
150,139,12,2025-05-01,Website,2,71.75,completed,143.5
151,302,15,2025-04-12,Amazon,3,64.05,cancelled,192.15
152,197,5,2025-12-02,Website,2,111.48,completed,222.96
153,19,15,2025-08-26,Offline Trade,4,64.05,cancelled,256.2
154,388,1,2025-06-15,eBay,5,58.46,completed,292.3
155,146,16,2025-02-04,Offline Trade,4,17.01,refunded,68.04
156,29,11,2025-05-21,Website,3,42.45,completed,127.35
157,490,5,2025-02-07,eBay,5,111.48,refunded,557.4
158,213,7,2025-01-20,Website,4,112.57,completed,450.28
159,397,15,2025-02-09,Website,3,64.05,cancelled,192.15
160,30,1,2025-09-17,Offline Trade,5,58.46,refunded,292.3
161,385,2,2025-10-11,Website,5,40.62,refunded,203.1
162,65,15,2025-11-30,Amazon,5,64.05,completed,320.25
163,99,3,2025-09-01,Amazon,5,87.18,completed,435.9
164,237,5,2025-02-22,eBay,4,111.48,completed,445.92
165,179,6,2025-11-27,Amazon,5,78.01,completed,390.05
166,294,13,2025-12-29,Offline Trade,2,21.93,refunded,43.86
167,170,7,2025-09-25,Amazon,5,112.57,completed,562.85
168,255,8,2025-05-25,Offline Trade,3,68.99,refunded,206.97
169,47,9,2025-12-14,Website,3,109.74,completed,329.22
170,64,3,2025-06-18,Website,1,87.18,cancelled,87.18
171,493,10,2025-05-26,eBay,4,16.0,cancelled,64.0
172,259,10,2025-06-20,Website,2,16.0,cancelled,32.0
173,499,16,2025-06-29,eBay,2,17.01,refunded,34.02
174,27,15,2025-11-01,Website,2,64.05,completed,128.1
175,91,11,2025-07-12,eBay,5,42.45,completed,212.25
176,124,2,2025-02-17,Offline Trade,5,40.62,cancelled,203.1
177,94,1,2025-01-10,eBay,3,58.46,completed,175.38
178,311,3,2025-04-20,eBay,2,87.18,refunded,174.36
179,482,6,2025-04-26,Amazon,2,78.01,completed,156.02
180,254,1,2025-06-01,Website,1,58.46,cancelled,58.46
181,389,1,2025-09-27,Website,5,58.46,completed,292.3
182,410,12,2025-03-09,Offline Trade,5,71.75,completed,358.75
183,109,1,2025-04-03,Amazon,2,58.46,refunded,116.92
184,157,10,2025-07-30,eBay,1,16.0,completed,16.0
185,360,5,2025-11-09,eBay,4,111.48,refunded,445.92
186,322,1,2025-10-01,Amazon,2,58.46,completed,116.92
187,259,3,2025-04-10,eBay,4,87.18,cancelled,348.72
188,268,1,2025-08-25,eBay,4,58.46,refunded,233.84
189,88,14,2025-09-28,Offline Trade,5,86.37,completed,431.85
190,229,13,2025-11-06,Amazon,2,21.93,completed,43.86
191,3,16,2025-11-25,Offline Trade,1,17.01,completed,17.01
192,398,7,2025-02-22,Website,5,112.57,completed,562.85
193,261,8,2025-03-24,eBay,1,68.99,refunded,68.99
194,202,8,2025-03-17,Offline Trade,5,68.99,completed,344.95
195,328,7,2025-08-19,eBay,2,112.57,completed,225.14
196,124,8,2025-01-28,Offline Trade,4,68.99,cancelled,275.96
197,70,10,2025-05-01,Offline Trade,3,16.0,completed,48.0
198,218,6,2025-04-25,Website,3,78.01,completed,234.03
199,276,6,2025-11-29,eBay,1,78.01,completed,78.01
200,271,14,2025-01-20,eBay,2,86.37,refunded,172.74
201,134,1,2025-12-28,Offline Trade,2,58.46,refunded,116.92
202,412,10,2025-01-03,Website,5,16.0,completed,80.0
203,482,8,2025-04-21,Amazon,3,68.99,cancelled,206.97
204,465,8,2025-09-28,Offline Trade,5,68.99,completed,344.95
205,448,11,2025-05-02,eBay,3,42.45,completed,127.35
206,157,10,2025-05-03,Offline Trade,1,16.0,cancelled,16.0
207,211,1,2025-02-02,Website,4,58.46,refunded,233.84
208,153,9,2025-10-02,Website,5,109.74,cancelled,548.7
209,14,8,2025-05-04,Amazon,5,68.99,completed,344.95
210,163,11,2025-01-01,eBay,4,42.45,completed,169.8
211,118,7,2025-08-02,Amazon,5,112.57,completed,562.85
212,148,4,2025-07-04,Website,5,58.85,cancelled,294.25
213,485,15,2025-09-17,Website,5,64.05,refunded,320.25
214,153,5,2025-01-23,Offline Trade,4,111.48,completed,445.92
215,459,8,2025-01-09,eBay,3,68.99,completed,206.97
216,59,9,2025-05-04,Website,3,109.74,cancelled,329.22
217,23,7,2025-03-10,Website,3,112.57,completed,337.71
218,216,4,2025-06-23,Amazon,5,58.85,refunded,294.25
219,33,9,2025-11-20,Amazon,4,109.74,completed,438.96
220,102,11,2025-08-23,Website,1,42.45,completed,42.45
221,409,7,2025-01-23,Amazon,2,112.57,completed,225.14
222,123,4,2025-06-08,Offline Trade,3,58.85,cancelled,176.55
223,106,8,2025-05-10,Website,4,68.99,completed,275.96
224,218,11,2025-07-02,Website,3,42.45,completed,127.35
225,149,9,2025-03-05,eBay,3,109.74,refunded,329.22
226,13,11,2025-08-14,Offline Trade,4,42.45,completed,169.8
227,271,1,2025-09-12,Offline Trade,2,58.46,completed,116.92
228,52,1,2025-05-17,Website,5,58.46,refunded,292.3
229,239,7,2025-08-09,Amazon,1,112.57,cancelled,112.57
230,309,15,2025-06-14,Website,3,64.05,completed,192.15
231,191,1,2025-12-05,eBay,3,58.46,completed,175.38
232,479,16,2025-11-05,Offline Trade,4,17.01,completed,68.04
233,314,10,2025-06-29,Offline Trade,4,16.0,completed,64.0
234,49,7,2025-11-11,Offline Trade,3,112.57,completed,337.71
235,366,1,2025-02-08,Offline Trade,1,58.46,completed,58.46
236,185,3,2025-12-14,Amazon,5,87.18,completed,435.9
237,167,16,2025-11-08,Offline Trade,2,17.01,completed,34.02
238,316,4,2025-02-04,Amazon,2,58.85,completed,117.7
239,316,8,2025-07-16,Website,3,68.99,cancelled,206.97
240,396,2,2025-12-14,Offline Trade,2,40.62,completed,81.24
241,86,7,2025-08-16,Website,3,112.57,cancelled,337.71
242,334,15,2025-09-29,eBay,2,64.05,refunded,128.1
243,85,9,2025-11-29,eBay,3,109.74,completed,329.22
244,444,10,2025-01-14,Amazon,1,16.0,refunded,16.0
245,334,5,2025-07-18,Website,5,111.48,completed,557.4
246,229,3,2025-12-27,Offline Trade,3,87.18,completed,261.54
247,119,12,2025-05-27,Offline Trade,5,71.75,completed,358.75
248,282,8,2025-03-11,Website,1,68.99,refunded,68.99
249,307,13,2025-08-16,Website,2,21.93,completed,43.86
250,310,12,2025-12-30,Website,3,71.75,cancelled,215.25
251,100,16,2025-05-29,eBay,5,17.01,completed,85.05
252,43,12,2025-07-05,Amazon,2,71.75,completed,143.5
253,143,12,2025-03-13,Amazon,2,71.75,refunded,143.5
254,49,5,2025-07-04,eBay,1,111.48,refunded,111.48
255,131,2,2025-03-08,Website,5,40.62,completed,203.1
256,386,16,2025-07-23,Offline Trade,3,17.01,cancelled,51.03
257,415,14,2025-07-29,Website,4,86.37,completed,345.48
258,120,5,2025-11-25,Website,3,111.48,refunded,334.44
259,79,6,2025-12-15,eBay,4,78.01,completed,312.04
260,313,3,2025-11-24,Amazon,5,87.18,completed,435.9
261,108,3,2025-09-15,Website,4,87.18,completed,348.72
262,191,1,2025-03-20,eBay,5,58.46,completed,292.3
263,244,16,2025-06-15,Amazon,2,17.01,completed,34.02
264,180,10,2025-05-26,Website,5,16.0,completed,80.0
265,33,1,2025-11-22,eBay,2,58.46,completed,116.92
266,272,7,2025-11-11,Website,3,112.57,cancelled,337.71
267,265,12,2025-10-31,Amazon,2,71.75,completed,143.5
268,295,16,2025-11-06,eBay,5,17.01,cancelled,85.05
269,347,9,2025-01-15,Website,1,109.74,completed,109.74
270,474,2,2025-05-16,Amazon,5,40.62,cancelled,203.1
271,213,14,2025-11-13,Website,4,86.37,refunded,345.48
272,353,12,2025-05-29,eBay,5,71.75,refunded,358.75
273,153,9,2025-12-17,Offline Trade,2,109.74,completed,219.48
274,280,8,2025-02-07,Website,4,68.99,completed,275.96
275,377,7,2025-08-01,Offline Trade,4,112.57,refunded,450.28
276,265,11,2025-06-24,Amazon,2,42.45,completed,84.9
277,483,14,2025-06-26,Offline Trade,3,86.37,completed,259.11
278,368,13,2025-09-21,Website,3,21.93,completed,65.79
279,403,9,2025-08-27,Website,2,109.74,completed,219.48
280,346,13,2025-05-07,Amazon,4,21.93,completed,87.72
281,55,8,2025-05-29,Offline Trade,1,68.99,cancelled,68.99
282,492,10,2025-05-08,Amazon,4,16.0,completed,64.0
283,114,10,2025-06-10,Amazon,5,16.0,completed,80.0
284,363,9,2025-09-21,Offline Trade,4,109.74,refunded,438.96
285,445,1,2025-09-12,Website,3,58.46,completed,175.38
286,486,15,2025-09-16,Offline Trade,4,64.05,completed,256.2
287,250,15,2025-10-26,eBay,2,64.05,completed,128.1
288,100,3,2025-05-25,Offline Trade,1,87.18,cancelled,87.18
289,426,10,2025-05-27,Website,4,16.0,completed,64.0
290,290,16,2025-03-10,eBay,4,17.01,completed,68.04
291,252,11,2025-07-07,Website,4,42.45,refunded,169.8
292,451,6,2025-10-19,Amazon,1,78.01,completed,78.01
293,384,13,2025-05-28,Website,5,21.93,refunded,109.65
294,446,12,2025-08-19,eBay,5,71.75,cancelled,358.75
295,151,14,2025-03-02,Amazon,5,86.37,completed,431.85
296,298,16,2025-07-11,eBay,4,17.01,cancelled,68.04
297,473,9,2025-03-15,Amazon,3,109.74,cancelled,329.22
298,358,4,2025-07-25,Website,5,58.85,completed,294.25
299,58,1,2025-03-12,eBay,1,58.46,refunded,58.46
300,189,7,2025-08-22,Amazon,5,112.57,cancelled,562.85
301,190,16,2025-03-13,eBay,5,17.01,cancelled,85.05
302,381,14,2025-03-25,Offline Trade,3,86.37,cancelled,259.11
303,368,5,2025-10-31,eBay,3,111.48,cancelled,334.44
304,328,14,2025-09-30,Offline Trade,5,86.37,cancelled,431.85
305,401,5,2025-09-01,Website,3,111.48,completed,334.44
306,53,3,2025-12-11,Website,3,87.18,refunded,261.54
307,69,2,2025-06-07,Website,5,40.62,cancelled,203.1
308,99,2,2025-05-16,Amazon,4,40.62,completed,162.48
309,159,16,2025-09-03,Amazon,5,17.01,cancelled,85.05
310,490,14,2025-07-14,Amazon,5,86.37,completed,431.85
311,381,16,2025-10-21,Website,1,17.01,completed,17.01
312,376,15,2025-08-14,eBay,1,64.05,refunded,64.05
313,218,14,2025-07-31,Amazon,2,86.37,refunded,172.74
314,69,13,2025-11-10,Offline Trade,5,21.93,completed,109.65
315,346,8,2025-09-23,Amazon,2,68.99,cancelled,137.98
316,385,12,2025-12-06,Offline Trade,3,71.75,cancelled,215.25
317,404,3,2025-06-10,Amazon,4,87.18,refunded,348.72
318,183,9,2025-06-25,eBay,5,109.74,completed,548.7
319,204,1,2025-09-05,Amazon,5,58.46,completed,292.3
320,63,15,2025-10-13,eBay,3,64.05,completed,192.15
321,83,16,2025-05-28,Amazon,3,17.01,refunded,51.03
322,212,16,2025-09-03,eBay,3,17.01,cancelled,51.03
323,100,15,2025-05-28,Website,3,64.05,cancelled,192.15
324,420,15,2025-07-14,Offline Trade,5,64.05,completed,320.25
325,394,8,2025-05-29,Website,2,68.99,completed,137.98
326,411,13,2025-06-27,Offline Trade,1,21.93,completed,21.93
327,174,2,2025-04-20,Amazon,4,40.62,cancelled,162.48
328,417,12,2025-10-15,eBay,3,71.75,completed,215.25
329,7,12,2025-11-12,Amazon,1,71.75,completed,71.75
330,463,6,2025-12-09,Amazon,1,78.01,completed,78.01
331,404,1,2025-02-21,Offline Trade,1,58.46,completed,58.46
332,116,4,2025-02-21,Amazon,4,58.85,completed,235.4
333,389,7,2025-03-22,Offline Trade,5,112.57,refunded,562.85
334,397,9,2025-11-30,Amazon,4,109.74,completed,438.96
335,48,9,2025-05-27,Website,3,109.74,completed,329.22
336,430,15,2025-04-29,Website,5,64.05,completed,320.25
337,334,12,2025-04-01,Website,4,71.75,refunded,287.0
338,53,6,2025-04-06,eBay,4,78.01,completed,312.04
339,197,16,2025-06-02,Website,1,17.01,completed,17.01
340,128,4,2025-08-21,Offline Trade,3,58.85,completed,176.55
341,66,3,2025-08-28,eBay,5,87.18,completed,435.9
342,477,12,2025-06-19,Amazon,1,71.75,refunded,71.75
343,263,13,2025-04-06,Website,3,21.93,completed,65.79
344,444,12,2025-10-18,Amazon,3,71.75,completed,215.25
345,202,8,2025-11-24,Offline Trade,5,68.99,refunded,344.95
346,145,3,2025-06-17,Website,5,87.18,refunded,435.9
347,389,7,2025-04-05,Amazon,1,112.57,refunded,112.57
348,29,5,2025-05-08,Website,3,111.48,completed,334.44
349,252,15,2025-05-01,Offline Trade,4,64.05,completed,256.2
350,72,9,2025-06-04,Website,3,109.74,completed,329.22
351,72,14,2025-12-21,Amazon,3,86.37,completed,259.11
352,38,6,2025-08-27,eBay,1,78.01,completed,78.01
353,8,2,2025-12-18,eBay,4,40.62,completed,162.48
354,167,1,2025-07-08,Amazon,3,58.46,completed,175.38
355,469,5,2025-09-02,Amazon,2,111.48,refunded,222.96
356,420,7,2025-07-11,Offline Trade,5,112.57,cancelled,562.85
357,165,9,2025-10-03,Amazon,4,109.74,completed,438.96
358,347,11,2025-02-11,Offline Trade,5,42.45,cancelled,212.25
359,412,1,2025-02-09,Website,3,58.46,completed,175.38
360,481,13,2025-09-16,Amazon,5,21.93,cancelled,109.65
361,53,8,2025-03-18,Amazon,5,68.99,completed,344.95
362,221,14,2025-08-15,Website,5,86.37,completed,431.85
363,480,13,2025-09-08,Website,5,21.93,cancelled,109.65
364,178,16,2025-01-29,Offline Trade,4,17.01,completed,68.04
365,173,15,2025-08-01,Offline Trade,5,64.05,cancelled,320.25
366,336,10,2025-10-14,Offline Trade,1,16.0,completed,16.0
367,190,13,2025-07-22,eBay,1,21.93,completed,21.93
368,77,2,2025-10-24,Website,2,40.62,completed,81.24
369,450,6,2025-06-26,Website,4,78.01,cancelled,312.04
370,385,7,2025-02-05,Offline Trade,1,112.57,completed,112.57
371,285,15,2025-07-29,Amazon,3,64.05,completed,192.15
372,361,12,2025-07-11,Offline Trade,4,71.75,refunded,287.0
373,113,6,2025-07-12,Website,4,78.01,cancelled,312.04
374,472,5,2025-12-01,eBay,2,111.48,completed,222.96
375,295,9,2025-10-03,Offline Trade,2,109.74,cancelled,219.48
376,453,2,2025-04-25,Website,2,40.62,completed,81.24
377,170,4,2025-08-26,Offline Trade,3,58.85,cancelled,176.55
378,476,12,2025-04-28,Amazon,4,71.75,refunded,287.0
379,452,8,2025-03-21,eBay,3,68.99,completed,206.97
380,35,10,2025-01-17,Offline Trade,1,16.0,cancelled,16.0
381,78,13,2025-05-04,Amazon,1,21.93,completed,21.93
382,270,16,2025-11-01,Website,1,17.01,refunded,17.01
383,456,4,2025-12-11,Website,5,58.85,completed,294.25
384,231,10,2025-07-25,Offline Trade,1,16.0,completed,16.0
385,76,6,2025-04-22,Website,5,78.01,completed,390.05
386,183,6,2025-05-29,Amazon,5,78.01,cancelled,390.05
387,257,16,2025-10-23,eBay,3,17.01,completed,51.03
388,359,1,2025-03-15,Amazon,3,58.46,refunded,175.38
389,324,3,2025-05-21,Website,3,87.18,cancelled,261.54
390,82,3,2025-03-31,Offline Trade,5,87.18,cancelled,435.9
391,334,14,2025-01-25,eBay,4,86.37,refunded,345.48
392,160,15,2025-06-13,Offline Trade,5,64.05,refunded,320.25
393,323,15,2025-06-03,Offline Trade,2,64.05,completed,128.1
394,394,1,2025-08-31,Amazon,5,58.46,completed,292.3
395,139,15,2025-12-29,Amazon,3,64.05,refunded,192.15
396,230,8,2025-10-15,Offline Trade,1,68.99,refunded,68.99
397,241,9,2025-09-29,Amazon,5,109.74,refunded,548.7
398,486,7,2025-05-11,Amazon,2,112.57,completed,225.14
399,18,16,2025-08-19,eBay,1,17.01,completed,17.01
400,341,14,2025-04-08,Website,5,86.37,completed,431.85
401,246,9,2025-12-11,Website,4,109.74,completed,438.96
402,450,11,2025-10-28,Amazon,2,42.45,refunded,84.9
403,221,14,2025-06-20,eBay,2,86.37,completed,172.74
404,379,6,2025-04-08,Website,2,78.01,refunded,156.02
405,480,6,2025-12-23,Amazon,2,78.01,refunded,156.02
406,106,9,2025-10-10,eBay,2,109.74,completed,219.48
407,43,9,2025-08-27,eBay,4,109.74,completed,438.96
408,404,2,2025-07-04,Offline Trade,3,40.62,refunded,121.86
409,117,16,2025-08-29,eBay,1,17.01,completed,17.01
410,100,10,2025-06-10,Offline Trade,3,16.0,completed,48.0
411,492,3,2025-04-24,Amazon,5,87.18,completed,435.9
412,206,14,2025-10-11,Offline Trade,3,86.37,completed,259.11
413,184,15,2025-04-11,eBay,2,64.05,completed,128.1
414,193,13,2025-10-19,Amazon,4,21.93,refunded,87.72
415,181,4,2025-12-02,eBay,5,58.85,completed,294.25
416,286,5,2025-11-25,Offline Trade,4,111.48,refunded,445.92
417,243,13,2025-06-30,Amazon,2,21.93,completed,43.86
418,462,12,2025-09-08,Amazon,5,71.75,cancelled,358.75
419,482,13,2025-09-26,Website,1,21.93,completed,21.93
420,39,3,2025-01-04,Offline Trade,1,87.18,completed,87.18
421,59,15,2025-02-04,Amazon,2,64.05,completed,128.1
422,219,16,2025-09-16,Offline Trade,2,17.01,completed,34.02
423,64,7,2025-11-13,Offline Trade,1,112.57,refunded,112.57
424,363,4,2025-01-04,Offline Trade,1,58.85,completed,58.85
425,161,12,2025-09-29,eBay,1,71.75,cancelled,71.75
426,486,8,2025-01-09,Offline Trade,3,68.99,completed,206.97
427,9,9,2025-02-19,Amazon,1,109.74,completed,109.74
428,326,14,2025-11-14,eBay,2,86.37,completed,172.74
429,416,3,2025-07-23,Website,3,87.18,completed,261.54
430,276,4,2025-08-24,Amazon,4,58.85,completed,235.4
431,455,4,2025-12-17,Website,3,58.85,completed,176.55
432,377,5,2025-07-27,Offline Trade,1,111.48,refunded,111.48
433,468,10,2025-09-01,Website,5,16.0,completed,80.0
434,457,3,2025-02-12,Offline Trade,2,87.18,refunded,174.36
435,482,14,2025-10-17,Website,3,86.37,cancelled,259.11
436,116,12,2025-04-28,Amazon,1,71.75,cancelled,71.75
437,80,6,2025-05-19,Website,4,78.01,completed,312.04
438,466,10,2025-10-06,Website,3,16.0,completed,48.0
439,177,4,2025-01-09,Amazon,3,58.85,cancelled,176.55
440,25,9,2025-12-31,Offline Trade,2,109.74,completed,219.48
441,421,15,2025-03-25,Amazon,3,64.05,cancelled,192.15
442,22,12,2025-12-13,eBay,4,71.75,refunded,287.0
443,8,16,2025-12-19,Website,2,17.01,cancelled,34.02
444,247,11,2025-01-28,Website,3,42.45,refunded,127.35
445,271,9,2025-02-08,eBay,2,109.74,cancelled,219.48
446,447,2,2025-11-01,Offline Trade,5,40.62,completed,203.1
447,469,8,2025-11-21,eBay,1,68.99,refunded,68.99
448,149,8,2025-04-27,eBay,4,68.99,cancelled,275.96
449,460,3,2025-08-10,Amazon,4,87.18,cancelled,348.72
450,139,2,2025-02-13,eBay,4,40.62,completed,162.48
451,173,5,2025-02-12,eBay,1,111.48,completed,111.48
452,148,11,2025-12-31,Amazon,4,42.45,refunded,169.8
453,188,1,2025-07-04,Website,3,58.46,completed,175.38
454,117,14,2025-06-07,Offline Trade,1,86.37,completed,86.37
455,119,1,2025-02-22,Amazon,3,58.46,completed,175.38
456,39,13,2025-08-09,Offline Trade,2,21.93,cancelled,43.86
457,181,3,2025-09-20,Offline Trade,5,87.18,completed,435.9
458,46,6,2025-02-15,eBay,1,78.01,cancelled,78.01
459,327,15,2025-11-02,eBay,1,64.05,refunded,64.05
460,98,11,2025-05-30,Offline Trade,1,42.45,refunded,42.45
461,78,15,2025-10-14,Amazon,1,64.05,cancelled,64.05
462,238,4,2025-03-28,Offline Trade,5,58.85,completed,294.25
463,176,3,2025-05-18,eBay,2,87.18,completed,174.36
464,315,10,2025-03-16,Website,4,16.0,completed,64.0
465,59,11,2025-05-22,Offline Trade,4,42.45,completed,169.8
466,224,2,2025-02-09,eBay,4,40.62,completed,162.48
467,159,10,2025-11-17,Offline Trade,2,16.0,cancelled,32.0
468,100,8,2025-04-11,Offline Trade,5,68.99,completed,344.95
469,392,13,2025-06-05,Website,2,21.93,refunded,43.86
470,104,14,2025-11-14,Offline Trade,3,86.37,completed,259.11
471,183,9,2025-06-21,Offline Trade,4,109.74,cancelled,438.96
472,110,5,2025-06-03,eBay,2,111.48,cancelled,222.96
473,409,2,2025-09-03,eBay,2,40.62,completed,81.24
474,181,14,2025-06-13,eBay,4,86.37,refunded,345.48
475,226,8,2025-05-05,eBay,5,68.99,refunded,344.95
476,85,15,2025-07-21,eBay,3,64.05,completed,192.15
477,310,2,2025-04-13,Amazon,5,40.62,cancelled,203.1
478,199,6,2025-08-25,Amazon,1,78.01,refunded,78.01
479,439,1,2025-12-21,Website,3,58.46,refunded,175.38
480,296,15,2025-03-13,eBay,4,64.05,completed,256.2
481,143,11,2025-12-04,Amazon,3,42.45,refunded,127.35
482,283,5,2025-02-07,Offline Trade,4,111.48,cancelled,445.92
483,487,15,2025-10-26,Offline Trade,4,64.05,cancelled,256.2
484,349,9,2025-12-21,Offline Trade,5,109.74,cancelled,548.7
485,471,1,2025-07-04,Website,1,58.46,completed,58.46
486,438,6,2025-12-03,eBay,2,78.01,completed,156.02
487,227,2,2025-01-23,Offline Trade,5,40.62,completed,203.1
488,429,9,2025-02-24,Website,4,109.74,completed,438.96
489,454,10,2025-04-24,Amazon,3,16.0,refunded,48.0
490,180,16,2025-07-20,Offline Trade,3,17.01,cancelled,51.03
491,151,8,2025-03-19,eBay,5,68.99,completed,344.95
492,375,3,2025-02-23,eBay,4,87.18,refunded,348.72
493,405,10,2025-03-01,Amazon,1,16.0,completed,16.0
494,197,14,2025-06-25,Offline Trade,3,86.37,completed,259.11
495,275,11,2025-09-05,eBay,5,42.45,refunded,212.25
496,57,6,2025-08-13,Offline Trade,1,78.01,completed,78.01
497,120,3,2025-06-03,Website,1,87.18,completed,87.18
498,272,5,2025-06-25,Website,1,111.48,completed,111.48
499,295,7,2025-09-22,Amazon,2,112.57,cancelled,225.14
500,258,4,2025-06-19,Offline Trade,2,58.85,refunded,117.7
501,73,8,2025-07-27,Amazon,2,68.99,completed,137.98
502,436,3,2025-07-22,Website,4,87.18,cancelled,348.72
503,394,2,2025-08-19,Offline Trade,2,40.62,refunded,81.24
504,487,8,2025-12-27,Amazon,1,68.99,completed,68.99
505,278,10,2025-12-27,Website,3,16.0,cancelled,48.0
506,243,7,2025-10-02,Amazon,1,112.57,completed,112.57
507,73,5,2025-04-11,Offline Trade,3,111.48,completed,334.44
508,341,8,2025-12-10,Offline Trade,3,68.99,cancelled,206.97
509,290,15,2025-11-02,Offline Trade,3,64.05,cancelled,192.15
510,201,1,2025-10-28,Website,4,58.46,completed,233.84
511,252,2,2025-08-23,Amazon,3,40.62,completed,121.86
512,398,9,2025-10-30,Website,5,109.74,completed,548.7
513,113,13,2025-03-02,Amazon,3,21.93,completed,65.79
514,347,16,2025-04-04,eBay,1,17.01,completed,17.01
515,328,9,2025-07-18,Offline Trade,5,109.74,cancelled,548.7
516,388,4,2025-10-22,Offline Trade,2,58.85,refunded,117.7
517,467,7,2025-09-07,Amazon,2,112.57,cancelled,225.14
518,205,15,2025-09-08,eBay,2,64.05,completed,128.1
519,489,5,2025-06-11,Offline Trade,2,111.48,cancelled,222.96
520,117,8,2025-07-03,Website,1,68.99,refunded,68.99
521,209,1,2025-04-10,Offline Trade,2,58.46,cancelled,116.92
522,252,15,2025-12-01,Offline Trade,5,64.05,refunded,320.25
523,360,4,2025-08-01,Offline Trade,4,58.85,refunded,235.4
524,159,12,2025-02-12,Website,2,71.75,completed,143.5
525,77,6,2025-01-17,eBay,3,78.01,completed,234.03
526,65,11,2025-05-28,Amazon,5,42.45,refunded,212.25
527,68,3,2025-09-11,Website,5,87.18,cancelled,435.9
528,281,3,2025-05-18,eBay,1,87.18,cancelled,87.18
529,364,10,2025-08-14,Amazon,1,16.0,refunded,16.0
530,159,1,2025-12-01,Amazon,1,58.46,completed,58.46
531,184,2,2025-08-19,eBay,1,40.62,completed,40.62
532,489,7,2025-08-13,Website,1,112.57,completed,112.57
533,453,11,2025-10-29,eBay,2,42.45,cancelled,84.9
534,146,14,2025-03-26,Amazon,4,86.37,completed,345.48
535,80,4,2025-01-31,eBay,2,58.85,cancelled,117.7
536,296,15,2025-11-02,Amazon,3,64.05,completed,192.15
537,13,13,2025-05-29,eBay,3,21.93,cancelled,65.79
538,182,5,2025-03-11,Offline Trade,1,111.48,completed,111.48
539,59,11,2025-12-02,Amazon,3,42.45,completed,127.35
540,166,10,2025-03-16,eBay,2,16.0,completed,32.0
541,226,3,2025-09-08,Amazon,4,87.18,cancelled,348.72
542,154,6,2025-11-18,Offline Trade,3,78.01,refunded,234.03
543,413,16,2025-02-08,Website,4,17.01,refunded,68.04
544,24,6,2025-05-23,eBay,5,78.01,refunded,390.05
545,297,6,2025-06-17,Website,4,78.01,completed,312.04
546,113,13,2025-11-22,eBay,4,21.93,completed,87.72
547,459,12,2025-07-23,Amazon,5,71.75,refunded,358.75
548,427,15,2025-09-11,eBay,2,64.05,completed,128.1
549,110,10,2025-06-22,Amazon,3,16.0,cancelled,48.0
550,115,9,2025-06-25,Website,4,109.74,completed,438.96
551,331,10,2025-11-17,Offline Trade,1,16.0,completed,16.0
552,311,11,2025-03-22,Offline Trade,1,42.45,refunded,42.45
553,250,2,2025-08-08,Amazon,1,40.62,completed,40.62
554,118,13,2025-03-23,eBay,3,21.93,completed,65.79
555,138,10,2025-05-09,Website,3,16.0,completed,48.0
556,42,6,2025-01-27,Offline Trade,2,78.01,completed,156.02
557,389,12,2025-08-08,Website,2,71.75,completed,143.5
558,373,2,2025-04-20,Offline Trade,1,40.62,completed,40.62
559,488,10,2025-10-31,Amazon,2,16.0,cancelled,32.0
560,192,4,2025-01-05,Website,4,58.85,completed,235.4
561,55,13,2025-08-05,Amazon,1,21.93,refunded,21.93
562,308,13,2025-04-28,Offline Trade,1,21.93,completed,21.93
563,282,9,2025-02-22,eBay,1,109.74,completed,109.74
564,316,2,2025-03-12,Offline Trade,3,40.62,completed,121.86
565,364,6,2025-02-05,Website,2,78.01,cancelled,156.02
566,377,11,2025-08-14,eBay,2,42.45,completed,84.9
567,214,1,2025-07-30,Offline Trade,2,58.46,completed,116.92
568,20,4,2025-02-21,Amazon,1,58.85,completed,58.85
569,20,12,2025-07-16,eBay,5,71.75,refunded,358.75
570,230,12,2025-03-13,Amazon,3,71.75,completed,215.25
571,254,10,2025-05-08,eBay,1,16.0,completed,16.0
572,471,11,2025-04-16,Amazon,3,42.45,refunded,127.35
573,111,3,2025-11-27,Website,3,87.18,completed,261.54
574,460,3,2025-07-17,Website,4,87.18,completed,348.72
575,86,1,2025-11-23,Website,4,58.46,cancelled,233.84
576,242,14,2025-07-04,eBay,1,86.37,completed,86.37
577,232,1,2025-10-19,Offline Trade,4,58.46,completed,233.84
578,217,9,2025-12-16,Amazon,5,109.74,refunded,548.7
579,28,3,2025-01-09,Website,1,87.18,completed,87.18
580,87,7,2025-04-21,Website,3,112.57,completed,337.71
581,155,2,2025-09-17,eBay,4,40.62,cancelled,162.48
582,144,9,2025-08-05,Offline Trade,4,109.74,completed,438.96
583,88,9,2025-10-03,Amazon,5,109.74,completed,548.7
584,32,5,2025-06-08,Website,1,111.48,cancelled,111.48
585,268,7,2025-03-21,eBay,2,112.57,refunded,225.14
586,244,15,2025-11-21,Website,5,64.05,completed,320.25
587,357,9,2025-05-03,Website,4,109.74,completed,438.96
588,252,3,2025-08-11,Website,1,87.18,refunded,87.18
589,92,6,2025-11-08,Website,5,78.01,completed,390.05
590,487,13,2025-03-03,Website,2,21.93,completed,43.86
591,167,14,2025-03-25,Offline Trade,1,86.37,completed,86.37
592,194,9,2025-09-22,eBay,5,109.74,completed,548.7
593,388,2,2025-03-06,eBay,3,40.62,completed,121.86
594,166,15,2025-06-21,Offline Trade,1,64.05,completed,64.05
595,130,13,2025-02-02,eBay,5,21.93,cancelled,109.65
596,394,16,2025-09-12,Offline Trade,1,17.01,cancelled,17.01
597,349,5,2025-01-29,Offline Trade,3,111.48,cancelled,334.44
598,23,4,2025-07-08,Amazon,2,58.85,completed,117.7
599,498,10,2025-10-21,Website,1,16.0,completed,16.0
600,149,14,2025-01-02,Website,5,86.37,completed,431.85
601,235,12,2025-01-24,Offline Trade,2,71.75,completed,143.5
602,95,1,2025-03-18,Amazon,4,58.46,completed,233.84
603,333,2,2025-12-02,Offline Trade,5,40.62,completed,203.1
604,36,12,2025-05-08,Offline Trade,3,71.75,completed,215.25
605,137,3,2025-02-09,eBay,3,87.18,completed,261.54
606,279,15,2025-12-11,Website,5,64.05,completed,320.25
607,158,13,2025-09-22,Website,2,21.93,refunded,43.86
608,34,12,2025-08-27,eBay,1,71.75,completed,71.75
609,442,11,2025-02-14,Offline Trade,3,42.45,completed,127.35
610,103,14,2025-04-13,eBay,3,86.37,cancelled,259.11
611,324,13,2025-11-15,Amazon,3,21.93,refunded,65.79
612,111,3,2025-10-30,Offline Trade,3,87.18,completed,261.54
613,368,13,2025-05-06,Amazon,5,21.93,completed,109.65
614,1,2,2025-01-13,Amazon,4,40.62,cancelled,162.48
615,102,5,2025-11-22,Website,3,111.48,completed,334.44
616,467,4,2025-12-03,Offline Trade,1,58.85,completed,58.85
617,204,9,2025-04-16,Amazon,1,109.74,refunded,109.74
618,223,3,2025-01-31,Amazon,4,87.18,completed,348.72
619,337,9,2025-01-23,Amazon,1,109.74,cancelled,109.74
620,26,15,2025-12-25,eBay,4,64.05,refunded,256.2
621,433,12,2025-10-25,Website,1,71.75,cancelled,71.75
622,355,4,2025-11-23,Offline Trade,2,58.85,completed,117.7
623,238,10,2025-10-18,Website,5,16.0,refunded,80.0
624,15,16,2025-05-02,eBay,2,17.01,completed,34.02
625,255,5,2025-07-21,eBay,3,111.48,completed,334.44
626,213,9,2025-05-20,Amazon,4,109.74,completed,438.96
627,322,8,2025-03-11,Website,2,68.99,completed,137.98
628,154,3,2025-03-26,Offline Trade,1,87.18,refunded,87.18
629,149,2,2025-07-28,Website,3,40.62,cancelled,121.86
630,403,16,2025-04-17,Offline Trade,3,17.01,completed,51.03
631,127,5,2025-05-16,Website,4,111.48,completed,445.92
632,267,16,2025-12-18,eBay,2,17.01,cancelled,34.02
633,430,2,2025-04-21,eBay,1,40.62,completed,40.62
634,301,13,2025-12-31,Amazon,1,21.93,completed,21.93
635,288,2,2025-09-20,Website,4,40.62,completed,162.48
636,283,4,2025-03-31,Website,3,58.85,refunded,176.55
637,292,7,2025-10-12,Amazon,4,112.57,completed,450.28
638,221,7,2025-02-22,Amazon,4,112.57,completed,450.28
639,382,10,2025-02-01,Amazon,1,16.0,completed,16.0
640,102,8,2025-07-25,eBay,2,68.99,completed,137.98
641,284,2,2025-10-28,eBay,5,40.62,completed,203.1
642,273,10,2025-02-03,Amazon,1,16.0,refunded,16.0
643,304,10,2025-02-17,eBay,2,16.0,completed,32.0
644,98,14,2025-08-25,Website,1,86.37,completed,86.37
645,335,1,2025-08-10,Offline Trade,5,58.46,refunded,292.3
646,234,10,2025-07-15,Offline Trade,1,16.0,completed,16.0
647,325,6,2025-04-20,Amazon,3,78.01,completed,234.03
648,109,12,2025-08-17,Amazon,3,71.75,completed,215.25
649,243,10,2025-11-14,Amazon,5,16.0,completed,80.0
650,300,11,2025-07-30,Offline Trade,4,42.45,completed,169.8
651,117,3,2025-05-24,Offline Trade,1,87.18,completed,87.18
652,192,15,2025-04-13,Amazon,4,64.05,cancelled,256.2
653,413,9,2025-07-15,eBay,1,109.74,refunded,109.74
654,354,5,2025-09-06,eBay,5,111.48,cancelled,557.4
655,228,13,2025-06-14,Offline Trade,5,21.93,completed,109.65
656,379,5,2025-01-14,eBay,2,111.48,cancelled,222.96
657,134,15,2025-01-16,eBay,2,64.05,completed,128.1
658,329,3,2025-09-29,eBay,4,87.18,cancelled,348.72
659,125,9,2025-03-23,Website,2,109.74,completed,219.48
660,331,5,2025-05-17,Website,2,111.48,completed,222.96
661,272,9,2025-07-18,eBay,5,109.74,completed,548.7
662,349,13,2025-05-02,eBay,2,21.93,completed,43.86
663,481,4,2025-01-15,eBay,5,58.85,cancelled,294.25
664,65,10,2025-03-14,Amazon,5,16.0,refunded,80.0
665,251,7,2025-06-08,Amazon,5,112.57,refunded,562.85
666,23,9,2025-02-16,Website,1,109.74,completed,109.74
667,242,11,2025-04-23,Website,5,42.45,cancelled,212.25
668,301,12,2025-01-01,eBay,4,71.75,cancelled,287.0
669,397,8,2025-03-08,eBay,2,68.99,completed,137.98
670,55,5,2025-01-31,Website,3,111.48,completed,334.44
671,405,16,2025-12-27,Amazon,5,17.01,completed,85.05
672,372,11,2025-07-06,Website,5,42.45,completed,212.25
673,149,1,2025-10-28,Website,4,58.46,completed,233.84
674,221,9,2025-06-15,Amazon,3,109.74,completed,329.22
675,260,9,2025-11-24,Offline Trade,4,109.74,completed,438.96
676,20,16,2025-12-29,eBay,2,17.01,completed,34.02
677,80,2,2025-03-31,Offline Trade,5,40.62,completed,203.1
678,291,14,2025-03-07,Amazon,3,86.37,completed,259.11
679,25,2,2025-07-20,Website,5,40.62,completed,203.1
680,315,6,2025-06-12,Amazon,5,78.01,cancelled,390.05
681,302,9,2025-09-12,Amazon,1,109.74,completed,109.74
682,358,3,2025-05-02,eBay,1,87.18,completed,87.18
683,15,6,2025-11-22,Website,2,78.01,completed,156.02
684,122,16,2025-01-06,eBay,4,17.01,completed,68.04
685,454,14,2025-12-21,Website,2,86.37,completed,172.74
686,108,1,2025-02-25,Website,3,58.46,completed,175.38
687,305,10,2025-08-13,Offline Trade,4,16.0,completed,64.0
688,379,8,2025-09-10,Offline Trade,4,68.99,completed,275.96
689,404,2,2025-07-12,Website,5,40.62,refunded,203.1
690,297,4,2025-11-30,Amazon,5,58.85,completed,294.25
691,500,12,2025-02-07,Website,4,71.75,completed,287.0
692,221,14,2025-06-13,eBay,1,86.37,completed,86.37
693,164,4,2025-06-25,Amazon,1,58.85,refunded,58.85
694,292,7,2025-02-08,Website,2,112.57,completed,225.14
695,95,10,2025-11-11,Offline Trade,5,16.0,completed,80.0
696,216,10,2025-12-01,Amazon,4,16.0,cancelled,64.0
697,421,7,2025-03-22,Website,4,112.57,completed,450.28
698,302,10,2025-04-16,Amazon,3,16.0,refunded,48.0
699,245,8,2025-10-04,eBay,5,68.99,completed,344.95
700,434,3,2025-05-02,Website,3,87.18,completed,261.54
701,384,1,2025-10-20,Offline Trade,4,58.46,completed,233.84
702,338,11,2025-07-04,Website,1,42.45,refunded,42.45
703,497,10,2025-05-31,Offline Trade,1,16.0,completed,16.0
704,288,2,2025-01-14,Amazon,1,40.62,completed,40.62
705,383,16,2025-02-11,Offline Trade,3,17.01,completed,51.03
706,281,4,2025-07-23,Offline Trade,3,58.85,refunded,176.55
707,263,1,2025-02-16,Offline Trade,3,58.46,completed,175.38
708,15,13,2025-07-15,eBay,3,21.93,completed,65.79
709,464,16,2025-01-23,eBay,4,17.01,refunded,68.04
710,487,9,2025-05-15,Amazon,4,109.74,completed,438.96
711,426,9,2025-02-01,Amazon,5,109.74,completed,548.7
712,393,5,2025-12-09,eBay,1,111.48,cancelled,111.48
713,257,9,2025-10-29,Amazon,4,109.74,cancelled,438.96
714,255,6,2025-07-18,Offline Trade,1,78.01,cancelled,78.01
715,312,13,2025-10-21,Amazon,4,21.93,refunded,87.72
716,200,10,2025-02-10,Offline Trade,3,16.0,completed,48.0
717,126,11,2025-10-20,Amazon,5,42.45,completed,212.25
718,303,8,2025-03-30,Amazon,4,68.99,completed,275.96
719,68,3,2025-03-06,Website,2,87.18,refunded,174.36
720,220,1,2025-12-16,Offline Trade,1,58.46,completed,58.46
721,238,15,2025-11-01,eBay,2,64.05,completed,128.1
722,38,4,2025-02-14,Offline Trade,1,58.85,cancelled,58.85
723,16,15,2025-10-10,eBay,4,64.05,completed,256.2
724,327,7,2025-08-23,Website,5,112.57,cancelled,562.85
725,200,7,2025-09-25,Offline Trade,5,112.57,completed,562.85
726,428,11,2025-03-18,Amazon,4,42.45,cancelled,169.8
727,394,12,2025-10-26,Website,5,71.75,completed,358.75
728,455,13,2025-02-21,eBay,5,21.93,cancelled,109.65
729,313,2,2025-07-30,eBay,3,40.62,refunded,121.86
730,370,6,2025-10-20,Offline Trade,4,78.01,completed,312.04
731,425,13,2025-05-22,Offline Trade,2,21.93,completed,43.86
732,85,10,2025-11-08,Offline Trade,5,16.0,completed,80.0
733,380,6,2025-06-19,Amazon,4,78.01,completed,312.04
734,118,6,2025-05-18,eBay,4,78.01,completed,312.04
735,375,7,2025-06-05,eBay,3,112.57,completed,337.71
736,326,16,2025-12-23,Website,4,17.01,completed,68.04
737,322,3,2025-06-03,Offline Trade,2,87.18,completed,174.36
738,197,6,2025-08-02,Website,3,78.01,completed,234.03
739,35,1,2025-04-19,Offline Trade,4,58.46,refunded,233.84
740,301,6,2025-07-11,Website,5,78.01,cancelled,390.05
741,459,14,2025-02-03,eBay,2,86.37,cancelled,172.74
742,253,12,2025-03-11,Website,4,71.75,completed,287.0
743,222,7,2025-04-13,Website,2,112.57,completed,225.14
744,434,1,2025-08-22,Website,1,58.46,completed,58.46
745,194,9,2025-05-21,eBay,2,109.74,refunded,219.48
746,202,8,2025-07-23,Website,5,68.99,completed,344.95
747,129,1,2025-07-10,Offline Trade,2,58.46,cancelled,116.92
748,136,1,2025-04-01,Offline Trade,4,58.46,cancelled,233.84
749,488,7,2025-06-29,eBay,5,112.57,completed,562.85
750,174,14,2025-12-19,Website,3,86.37,completed,259.11
751,2,4,2025-07-17,Website,1,58.85,completed,58.85
752,291,15,2025-04-20,Amazon,5,64.05,completed,320.25
753,20,15,2025-05-18,Offline Trade,2,64.05,cancelled,128.1
754,109,13,2025-12-16,Website,1,21.93,refunded,21.93
755,220,5,2025-11-28,Amazon,2,111.48,cancelled,222.96
756,245,3,2025-04-25,eBay,1,87.18,cancelled,87.18
757,386,7,2025-12-31,eBay,3,112.57,refunded,337.71
758,27,14,2025-06-28,Offline Trade,4,86.37,completed,345.48
759,462,11,2025-08-27,eBay,2,42.45,cancelled,84.9
760,201,1,2025-07-23,Website,5,58.46,completed,292.3
761,439,8,2025-12-06,eBay,5,68.99,cancelled,344.95
762,255,2,2025-11-08,eBay,5,40.62,completed,203.1
763,166,8,2025-09-04,Website,1,68.99,completed,68.99
764,25,6,2025-11-24,eBay,3,78.01,completed,234.03
765,244,7,2025-12-02,eBay,3,112.57,completed,337.71
766,31,6,2025-09-22,Amazon,2,78.01,completed,156.02
767,122,2,2025-07-26,eBay,5,40.62,completed,203.1
768,84,6,2025-12-02,Offline Trade,1,78.01,completed,78.01
769,86,3,2025-08-03,Offline Trade,3,87.18,refunded,261.54
770,258,16,2025-10-26,Amazon,1,17.01,completed,17.01
771,33,11,2025-12-18,Offline Trade,2,42.45,completed,84.9
772,266,10,2025-06-03,Amazon,5,16.0,cancelled,80.0
773,194,13,2025-05-31,Website,2,21.93,refunded,43.86
774,478,1,2025-05-13,Amazon,2,58.46,completed,116.92
775,2,9,2025-04-24,eBay,1,109.74,completed,109.74
776,423,14,2025-08-04,eBay,3,86.37,completed,259.11
777,383,10,2025-10-27,eBay,3,16.0,refunded,48.0
778,30,3,2025-08-29,Website,1,87.18,cancelled,87.18
779,81,5,2025-11-14,Website,5,111.48,refunded,557.4
780,140,3,2025-09-14,Website,2,87.18,refunded,174.36
781,451,15,2025-06-02,Offline Trade,5,64.05,completed,320.25
782,485,4,2025-03-12,Amazon,2,58.85,completed,117.7
783,109,6,2025-10-19,Offline Trade,4,78.01,completed,312.04
784,228,13,2025-04-03,Website,3,21.93,refunded,65.79
785,360,8,2025-11-20,Amazon,3,68.99,completed,206.97
786,190,8,2025-01-03,Offline Trade,1,68.99,completed,68.99
787,475,16,2025-03-28,Amazon,2,17.01,refunded,34.02
788,421,7,2025-03-08,Offline Trade,1,112.57,refunded,112.57
789,429,5,2025-08-08,Offline Trade,4,111.48,refunded,445.92
790,236,11,2025-01-20,Amazon,1,42.45,completed,42.45
791,397,11,2025-06-14,Amazon,1,42.45,completed,42.45
792,396,7,2025-11-17,Amazon,1,112.57,completed,112.57
793,83,6,2025-06-09,Amazon,3,78.01,completed,234.03
794,457,16,2025-09-15,eBay,4,17.01,completed,68.04
795,283,11,2025-01-24,eBay,1,42.45,completed,42.45
796,352,4,2025-09-24,eBay,4,58.85,refunded,235.4
797,402,13,2025-06-25,Offline Trade,2,21.93,completed,43.86
798,79,2,2025-03-26,Offline Trade,2,40.62,completed,81.24
799,177,11,2025-04-25,Amazon,2,42.45,completed,84.9
800,243,10,2025-10-29,Amazon,1,16.0,completed,16.0
801,296,4,2025-12-31,Website,3,58.85,refunded,176.55
802,17,14,2025-10-01,Website,3,86.37,cancelled,259.11
803,395,15,2025-12-05,Website,1,64.05,completed,64.05
804,204,3,2025-12-20,Website,1,87.18,refunded,87.18
805,234,12,2025-07-14,Website,4,71.75,cancelled,287.0
806,219,6,2025-08-31,Amazon,3,78.01,completed,234.03
807,365,14,2025-06-04,Offline Trade,1,86.37,completed,86.37
808,275,2,2025-05-19,Amazon,5,40.62,refunded,203.1
809,91,12,2025-09-19,Website,1,71.75,completed,71.75
810,309,6,2025-02-24,Offline Trade,1,78.01,completed,78.01
811,110,10,2025-04-13,eBay,5,16.0,cancelled,80.0
812,473,1,2025-07-03,Offline Trade,2,58.46,completed,116.92
813,488,11,2025-01-21,Offline Trade,2,42.45,completed,84.9
814,436,1,2025-06-19,Amazon,4,58.46,completed,233.84
815,270,7,2025-12-10,Website,1,112.57,completed,112.57
816,160,6,2025-12-09,Offline Trade,5,78.01,completed,390.05
817,315,2,2025-09-19,Website,1,40.62,completed,40.62
818,297,6,2025-11-26,Amazon,3,78.01,refunded,234.03
819,426,2,2025-05-16,Offline Trade,3,40.62,completed,121.86
820,201,1,2025-03-31,Website,1,58.46,completed,58.46
821,319,5,2025-12-13,eBay,3,111.48,refunded,334.44
822,222,5,2025-02-18,Website,1,111.48,completed,111.48
823,270,10,2025-12-06,Amazon,2,16.0,completed,32.0
824,240,1,2025-08-13,eBay,3,58.46,completed,175.38
825,282,12,2025-06-25,Amazon,3,71.75,completed,215.25
826,445,10,2025-07-24,Offline Trade,4,16.0,completed,64.0
827,291,15,2025-12-20,Offline Trade,4,64.05,refunded,256.2
828,118,16,2025-02-27,Amazon,2,17.01,completed,34.02
829,231,11,2025-02-23,Offline Trade,2,42.45,cancelled,84.9
830,40,8,2025-10-19,Offline Trade,4,68.99,completed,275.96
831,237,16,2025-07-14,eBay,5,17.01,cancelled,85.05
832,42,7,2025-12-17,Amazon,1,112.57,refunded,112.57
833,249,3,2025-02-27,Offline Trade,4,87.18,refunded,348.72
834,150,9,2025-02-02,eBay,1,109.74,completed,109.74
835,312,12,2025-12-27,Amazon,1,71.75,completed,71.75
836,279,16,2025-09-25,Website,5,17.01,refunded,85.05
837,188,7,2025-09-04,eBay,2,112.57,refunded,225.14
838,63,13,2025-10-13,Website,2,21.93,completed,43.86
839,445,4,2025-09-16,Offline Trade,2,58.85,refunded,117.7
840,27,13,2025-02-08,Offline Trade,2,21.93,completed,43.86
841,365,2,2025-06-19,eBay,2,40.62,completed,81.24
842,134,9,2025-04-25,Offline Trade,5,109.74,refunded,548.7
843,129,3,2025-02-10,Offline Trade,2,87.18,refunded,174.36
844,365,2,2025-08-18,Website,5,40.62,refunded,203.1
845,403,7,2025-06-11,Website,4,112.57,refunded,450.28
846,100,15,2025-02-22,Offline Trade,1,64.05,refunded,64.05
847,392,15,2025-10-13,Website,1,64.05,completed,64.05
848,313,3,2025-11-13,eBay,5,87.18,cancelled,435.9
849,373,8,2025-04-16,Offline Trade,5,68.99,completed,344.95
850,4,2,2025-01-28,Amazon,3,40.62,refunded,121.86
851,214,15,2025-10-14,Offline Trade,3,64.05,completed,192.15
852,202,9,2025-02-28,Website,4,109.74,completed,438.96
853,187,13,2025-06-24,eBay,1,21.93,completed,21.93
854,470,7,2025-09-25,eBay,5,112.57,completed,562.85
855,336,16,2025-03-26,Offline Trade,1,17.01,completed,17.01
856,291,9,2025-02-24,eBay,4,109.74,cancelled,438.96
857,167,16,2025-04-07,Website,2,17.01,refunded,34.02
858,252,9,2025-08-23,Amazon,2,109.74,completed,219.48
859,253,7,2025-08-01,Website,1,112.57,cancelled,112.57
860,495,2,2025-08-19,Offline Trade,1,40.62,cancelled,40.62
861,178,2,2025-03-10,Offline Trade,5,40.62,completed,203.1
862,439,8,2025-01-25,Offline Trade,5,68.99,cancelled,344.95
863,65,9,2025-09-18,Amazon,4,109.74,cancelled,438.96
864,128,7,2025-03-07,Website,2,112.57,refunded,225.14
865,120,15,2025-11-07,eBay,5,64.05,cancelled,320.25
866,64,6,2025-08-03,Amazon,4,78.01,completed,312.04
867,347,4,2025-06-25,eBay,4,58.85,refunded,235.4
868,238,2,2025-03-12,Offline Trade,2,40.62,cancelled,81.24
869,485,5,2025-06-03,eBay,5,111.48,cancelled,557.4
870,242,15,2025-04-13,Amazon,2,64.05,cancelled,128.1
871,154,10,2025-12-18,eBay,3,16.0,completed,48.0
872,139,5,2025-09-15,eBay,2,111.48,completed,222.96
873,479,14,2025-10-15,Offline Trade,3,86.37,cancelled,259.11
874,50,12,2025-12-08,Offline Trade,5,71.75,cancelled,358.75
875,66,4,2025-08-05,Website,3,58.85,cancelled,176.55
876,133,8,2025-01-13,Offline Trade,1,68.99,completed,68.99
877,450,2,2025-12-10,Website,1,40.62,completed,40.62
878,175,3,2025-03-24,eBay,3,87.18,completed,261.54
879,183,13,2025-02-01,eBay,2,21.93,completed,43.86
880,347,10,2025-01-17,eBay,5,16.0,refunded,80.0
881,62,11,2025-11-12,Amazon,1,42.45,cancelled,42.45
882,114,16,2025-05-02,eBay,4,17.01,completed,68.04
883,495,10,2025-07-18,Offline Trade,4,16.0,completed,64.0
884,261,1,2025-01-28,Website,5,58.46,completed,292.3
885,447,6,2025-11-14,Offline Trade,2,78.01,completed,156.02
886,408,12,2025-10-29,Amazon,3,71.75,completed,215.25
887,117,7,2025-08-18,Amazon,3,112.57,completed,337.71
888,240,4,2025-03-30,Website,2,58.85,refunded,117.7
889,96,15,2025-08-08,eBay,1,64.05,cancelled,64.05
890,98,3,2025-03-08,Amazon,3,87.18,cancelled,261.54
891,338,11,2025-01-03,eBay,3,42.45,refunded,127.35
892,266,2,2025-01-21,Amazon,2,40.62,completed,81.24
893,413,4,2025-01-27,eBay,5,58.85,refunded,294.25
894,371,4,2025-10-09,eBay,5,58.85,completed,294.25
895,475,10,2025-09-27,Amazon,3,16.0,completed,48.0
896,217,15,2025-02-04,Amazon,5,64.05,refunded,320.25
897,138,6,2025-10-02,Offline Trade,5,78.01,completed,390.05
898,191,1,2025-04-24,Amazon,3,58.46,completed,175.38
899,149,5,2025-07-04,eBay,3,111.48,completed,334.44
900,326,8,2025-09-29,Offline Trade,5,68.99,cancelled,344.95
901,439,4,2025-02-28,eBay,1,58.85,refunded,58.85
902,239,12,2025-11-25,Amazon,2,71.75,completed,143.5
903,475,1,2025-07-15,Website,3,58.46,refunded,175.38
904,119,11,2025-10-04,eBay,3,42.45,completed,127.35
905,381,4,2025-07-11,Offline Trade,5,58.85,refunded,294.25
906,24,3,2025-06-01,Amazon,1,87.18,completed,87.18
907,199,12,2025-02-12,Website,5,71.75,completed,358.75
908,403,12,2025-10-01,Website,5,71.75,completed,358.75
909,472,10,2025-12-10,Amazon,2,16.0,refunded,32.0
910,343,7,2025-04-16,Offline Trade,1,112.57,completed,112.57
911,273,10,2025-01-13,Offline Trade,2,16.0,completed,32.0
912,471,14,2025-02-14,Website,1,86.37,completed,86.37
913,416,8,2025-05-09,Website,2,68.99,cancelled,137.98
914,152,7,2025-05-13,Offline Trade,2,112.57,refunded,225.14
915,418,6,2025-11-19,Offline Trade,4,78.01,refunded,312.04
916,399,13,2025-01-09,Offline Trade,3,21.93,completed,65.79
917,346,2,2025-01-04,Website,5,40.62,cancelled,203.1
918,409,2,2025-12-25,Website,1,40.62,completed,40.62
919,426,2,2025-02-24,eBay,5,40.62,completed,203.1
920,93,15,2025-02-14,eBay,5,64.05,refunded,320.25
921,471,7,2025-07-22,Website,4,112.57,refunded,450.28
922,226,4,2025-10-01,Amazon,2,58.85,completed,117.7
923,485,13,2025-10-07,eBay,4,21.93,completed,87.72
924,183,3,2025-12-13,eBay,3,87.18,completed,261.54
925,320,16,2025-10-12,Amazon,5,17.01,completed,85.05
926,132,2,2025-01-03,Offline Trade,1,40.62,cancelled,40.62
927,268,5,2025-02-13,eBay,5,111.48,completed,557.4
928,42,7,2025-04-19,Offline Trade,3,112.57,cancelled,337.71
929,440,16,2025-03-24,Amazon,2,17.01,completed,34.02
930,409,2,2025-05-10,Amazon,5,40.62,completed,203.1
931,270,3,2025-12-10,Website,2,87.18,cancelled,174.36
932,169,16,2025-11-27,Website,4,17.01,completed,68.04
933,421,4,2025-05-09,Website,1,58.85,completed,58.85
934,168,11,2025-09-07,eBay,5,42.45,completed,212.25
935,24,13,2025-12-10,Amazon,2,21.93,completed,43.86
936,4,15,2025-11-14,Website,3,64.05,completed,192.15
937,398,11,2025-09-06,Offline Trade,3,42.45,completed,127.35
938,402,1,2025-12-04,eBay,5,58.46,cancelled,292.3
939,328,9,2025-10-17,eBay,2,109.74,completed,219.48
940,370,8,2025-03-28,Website,4,68.99,completed,275.96
941,404,11,2025-04-24,Offline Trade,2,42.45,completed,84.9
942,407,9,2025-03-10,eBay,3,109.74,refunded,329.22
943,417,11,2025-08-17,eBay,4,42.45,completed,169.8
944,491,14,2025-10-10,Website,4,86.37,completed,345.48
945,220,12,2025-02-11,eBay,5,71.75,completed,358.75
946,430,2,2025-04-11,eBay,5,40.62,completed,203.1
947,320,11,2025-01-10,Website,1,42.45,cancelled,42.45
948,209,16,2025-07-27,Amazon,5,17.01,completed,85.05
949,208,5,2025-05-14,Offline Trade,5,111.48,completed,557.4
950,478,5,2025-07-20,Amazon,3,111.48,cancelled,334.44
951,333,11,2025-03-10,Offline Trade,3,42.45,cancelled,127.35
952,317,10,2025-02-16,Offline Trade,5,16.0,completed,80.0
953,271,9,2025-01-06,Amazon,5,109.74,cancelled,548.7
954,407,8,2025-09-21,Amazon,2,68.99,refunded,137.98
955,280,9,2025-04-02,Amazon,2,109.74,refunded,219.48
956,383,15,2025-01-21,Amazon,3,64.05,refunded,192.15
957,220,4,2025-02-02,eBay,2,58.85,completed,117.7
958,54,10,2025-01-22,Amazon,2,16.0,cancelled,32.0
959,220,3,2025-07-18,Offline Trade,3,87.18,refunded,261.54
960,312,2,2025-01-21,eBay,1,40.62,completed,40.62
961,104,1,2025-11-21,eBay,5,58.46,completed,292.3
962,156,15,2025-10-06,Amazon,5,64.05,refunded,320.25
963,372,6,2025-07-07,Website,4,78.01,cancelled,312.04
964,228,15,2025-07-12,Amazon,3,64.05,cancelled,192.15
965,392,9,2025-06-30,eBay,4,109.74,refunded,438.96
966,85,10,2025-11-06,Website,4,16.0,cancelled,64.0
967,482,7,2025-08-14,Amazon,2,112.57,completed,225.14
968,394,10,2025-09-21,eBay,1,16.0,completed,16.0
969,144,4,2025-04-06,Amazon,2,58.85,completed,117.7
970,68,13,2025-03-02,Amazon,5,21.93,refunded,109.65
971,38,10,2025-02-28,Offline Trade,3,16.0,refunded,48.0
972,414,12,2025-04-18,Amazon,4,71.75,refunded,287.0
973,434,9,2025-05-05,Website,1,109.74,completed,109.74
974,257,8,2025-10-31,Amazon,5,68.99,completed,344.95
975,10,8,2025-01-21,Amazon,5,68.99,completed,344.95
976,49,12,2025-05-13,Amazon,2,71.75,cancelled,143.5
977,80,1,2025-11-03,Website,4,58.46,completed,233.84
978,12,5,2025-04-21,Offline Trade,1,111.48,cancelled,111.48
979,148,6,2025-09-04,Amazon,4,78.01,completed,312.04
980,309,14,2025-11-04,Amazon,4,86.37,cancelled,345.48
981,379,16,2025-11-16,eBay,2,17.01,completed,34.02
982,391,4,2025-08-21,Website,3,58.85,completed,176.55
983,114,8,2025-07-17,Amazon,4,68.99,completed,275.96
984,327,1,2025-04-14,Offline Trade,1,58.46,completed,58.46
985,363,4,2025-02-19,Amazon,5,58.85,refunded,294.25
986,260,8,2025-11-04,Website,5,68.99,cancelled,344.95
987,22,14,2025-03-02,Website,5,86.37,refunded,431.85
988,26,15,2025-11-05,Website,2,64.05,refunded,128.1
989,53,13,2025-08-04,eBay,5,21.93,completed,109.65
990,72,11,2025-08-08,Amazon,5,42.45,refunded,212.25
991,447,1,2025-06-29,Website,4,58.46,refunded,233.84
992,81,2,2025-05-11,Offline Trade,2,40.62,completed,81.24
993,483,5,2025-05-26,Offline Trade,1,111.48,completed,111.48
994,415,13,2025-01-03,Website,2,21.93,cancelled,43.86
995,378,4,2025-03-02,Website,5,58.85,refunded,294.25
996,393,7,2025-12-19,eBay,2,112.57,refunded,225.14
997,295,2,2025-02-24,Amazon,3,40.62,refunded,121.86
998,116,15,2025-05-10,eBay,5,64.05,cancelled,320.25
999,4,5,2025-10-17,eBay,4,111.48,cancelled,445.92
1000,133,5,2025-12-15,Offline Trade,3,111.48,completed,334.44
1001,204,13,2025-10-10,Offline Trade,4,21.93,completed,87.72
1002,452,9,2025-10-14,Offline Trade,3,109.74,completed,329.22
1003,384,14,2025-10-23,eBay,3,86.37,refunded,259.11
1004,117,16,2025-12-04,Website,2,17.01,completed,34.02
1005,22,10,2025-12-25,Amazon,4,16.0,completed,64.0
1006,466,4,2025-09-18,Offline Trade,2,58.85,completed,117.7
1007,207,6,2025-11-11,Website,5,78.01,completed,390.05
1008,478,16,2025-11-22,Website,4,17.01,completed,68.04
1009,221,14,2025-08-30,Offline Trade,2,86.37,completed,172.74
1010,85,4,2025-05-15,Amazon,1,58.85,completed,58.85
1011,217,14,2025-11-08,Website,1,86.37,refunded,86.37
1012,367,5,2025-11-11,eBay,4,111.48,cancelled,445.92
1013,481,10,2025-03-31,Offline Trade,1,16.0,refunded,16.0
1014,63,9,2025-04-14,eBay,1,109.74,completed,109.74
1015,287,2,2025-11-03,Amazon,1,40.62,cancelled,40.62
1016,33,12,2025-12-12,Website,2,71.75,completed,143.5
1017,197,11,2025-12-02,Website,2,42.45,completed,84.9
1018,304,16,2025-05-22,Offline Trade,1,17.01,completed,17.01
1019,365,6,2025-07-27,Amazon,4,78.01,cancelled,312.04
1020,76,4,2025-12-27,Website,1,58.85,completed,58.85
1021,327,15,2025-05-26,eBay,5,64.05,completed,320.25
1022,138,9,2025-04-26,Amazon,3,109.74,refunded,329.22
1023,55,2,2025-10-22,Website,4,40.62,completed,162.48
1024,415,14,2025-07-28,Website,2,86.37,cancelled,172.74
1025,26,10,2025-09-15,eBay,1,16.0,completed,16.0
1026,270,2,2025-09-20,eBay,1,40.62,cancelled,40.62
1027,428,5,2025-05-09,Offline Trade,5,111.48,refunded,557.4
1028,253,10,2025-09-05,Amazon,5,16.0,completed,80.0
1029,456,3,2025-12-15,Offline Trade,4,87.18,cancelled,348.72
1030,408,8,2025-09-04,Website,1,68.99,completed,68.99
1031,418,13,2025-07-15,Amazon,1,21.93,completed,21.93
1032,362,5,2025-07-31,eBay,3,111.48,cancelled,334.44
1033,185,5,2025-01-05,eBay,5,111.48,completed,557.4
1034,97,3,2025-02-17,Offline Trade,3,87.18,completed,261.54
1035,413,13,2025-10-11,Amazon,1,21.93,refunded,21.93
1036,372,7,2025-07-01,Amazon,3,112.57,cancelled,337.71
1037,466,10,2025-04-04,Amazon,3,16.0,refunded,48.0
1038,111,9,2025-05-01,Amazon,2,109.74,completed,219.48
1039,443,12,2025-04-28,Amazon,2,71.75,completed,143.5
1040,62,13,2025-07-02,Amazon,5,21.93,completed,109.65
1041,365,10,2025-02-10,Offline Trade,1,16.0,cancelled,16.0
1042,434,16,2025-10-05,Website,1,17.01,refunded,17.01
1043,179,11,2025-11-14,eBay,3,42.45,refunded,127.35
1044,102,14,2025-05-21,Offline Trade,5,86.37,completed,431.85
1045,368,5,2025-05-24,Offline Trade,5,111.48,completed,557.4
1046,419,1,2025-03-07,Website,5,58.46,cancelled,292.3
1047,271,13,2025-09-02,Website,4,21.93,cancelled,87.72
1048,440,1,2025-07-21,Amazon,3,58.46,refunded,175.38
1049,427,2,2025-12-24,Offline Trade,1,40.62,completed,40.62
1050,99,10,2025-01-07,Amazon,1,16.0,refunded,16.0
1051,322,12,2025-02-21,eBay,5,71.75,completed,358.75
1052,148,7,2025-05-13,Amazon,5,112.57,cancelled,562.85
1053,248,16,2025-05-02,eBay,3,17.01,refunded,51.03
1054,101,4,2025-06-25,eBay,5,58.85,completed,294.25
1055,493,6,2025-08-06,Amazon,4,78.01,refunded,312.04
1056,448,15,2025-07-06,Offline Trade,3,64.05,completed,192.15
1057,218,9,2025-04-03,Amazon,4,109.74,cancelled,438.96
1058,185,7,2025-02-21,eBay,2,112.57,completed,225.14
1059,288,13,2025-08-10,Offline Trade,5,21.93,completed,109.65
1060,55,7,2025-03-18,Offline Trade,2,112.57,completed,225.14
1061,23,3,2025-08-04,Offline Trade,2,87.18,completed,174.36
1062,22,3,2025-10-01,eBay,5,87.18,refunded,435.9
1063,463,15,2025-05-09,Website,3,64.05,refunded,192.15
1064,317,2,2025-12-20,Amazon,1,40.62,completed,40.62
1065,368,10,2025-05-11,Offline Trade,2,16.0,completed,32.0
1066,251,5,2025-06-21,eBay,4,111.48,completed,445.92
1067,261,2,2025-10-14,eBay,3,40.62,completed,121.86
1068,380,2,2025-07-30,Website,1,40.62,completed,40.62
1069,160,16,2025-04-12,Amazon,5,17.01,completed,85.05
1070,341,11,2025-06-16,Offline Trade,3,42.45,refunded,127.35
1071,483,14,2025-07-15,eBay,1,86.37,refunded,86.37
1072,428,14,2025-03-27,eBay,2,86.37,refunded,172.74
1073,420,14,2025-10-20,Offline Trade,5,86.37,completed,431.85
1074,160,3,2025-03-24,eBay,1,87.18,completed,87.18
1075,291,2,2025-06-12,eBay,3,40.62,completed,121.86
1076,61,7,2025-11-27,Offline Trade,5,112.57,completed,562.85
1077,313,4,2025-07-05,Offline Trade,4,58.85,refunded,235.4
1078,117,1,2025-04-05,Website,2,58.46,completed,116.92
1079,260,2,2025-12-05,eBay,2,40.62,completed,81.24
1080,208,10,2025-03-27,Offline Trade,2,16.0,completed,32.0
1081,66,8,2025-02-02,Offline Trade,1,68.99,cancelled,68.99
1082,473,14,2025-01-14,Offline Trade,1,86.37,cancelled,86.37
1083,394,16,2025-02-23,eBay,1,17.01,cancelled,17.01
1084,423,13,2025-02-13,Offline Trade,2,21.93,completed,43.86
1085,414,15,2025-05-07,eBay,2,64.05,refunded,128.1
1086,319,15,2025-03-09,Amazon,2,64.05,completed,128.1
1087,193,7,2025-12-06,eBay,1,112.57,completed,112.57
1088,145,4,2025-08-28,eBay,4,58.85,cancelled,235.4
1089,102,3,2025-03-11,Amazon,4,87.18,cancelled,348.72
1090,262,8,2025-08-22,Offline Trade,5,68.99,cancelled,344.95
1091,309,9,2025-06-08,eBay,5,109.74,refunded,548.7
1092,443,5,2025-04-27,Website,5,111.48,refunded,557.4
1093,134,2,2025-07-07,Offline Trade,3,40.62,completed,121.86
1094,4,12,2025-06-05,Website,2,71.75,completed,143.5
1095,321,5,2025-03-11,eBay,5,111.48,completed,557.4
1096,183,11,2025-10-01,Website,4,42.45,refunded,169.8
1097,147,16,2025-06-03,Website,4,17.01,refunded,68.04
1098,276,5,2025-11-02,Amazon,3,111.48,completed,334.44
1099,314,11,2025-07-11,Amazon,5,42.45,refunded,212.25
1100,182,9,2025-08-12,Offline Trade,5,109.74,completed,548.7
1101,470,7,2025-11-27,Offline Trade,2,112.57,refunded,225.14
1102,344,12,2025-05-15,Website,2,71.75,refunded,143.5
1103,37,11,2025-09-22,eBay,2,42.45,completed,84.9
1104,298,2,2025-05-18,Offline Trade,5,40.62,completed,203.1
1105,285,2,2025-04-04,Amazon,1,40.62,completed,40.62
1106,111,11,2025-11-23,Offline Trade,1,42.45,cancelled,42.45
1107,249,4,2025-05-20,Offline Trade,4,58.85,completed,235.4
1108,293,7,2025-01-10,Amazon,3,112.57,completed,337.71
1109,161,14,2025-01-12,Amazon,5,86.37,completed,431.85
1110,376,8,2025-05-18,Amazon,3,68.99,refunded,206.97
1111,28,2,2025-04-30,Website,1,40.62,completed,40.62
1112,282,3,2025-09-10,Amazon,1,87.18,completed,87.18
1113,223,15,2025-06-09,Offline Trade,4,64.05,completed,256.2
1114,208,2,2025-12-23,Website,4,40.62,completed,162.48
1115,34,16,2025-03-16,Website,1,17.01,completed,17.01
1116,344,8,2025-02-06,Offline Trade,4,68.99,completed,275.96
1117,8,12,2025-05-09,Offline Trade,2,71.75,completed,143.5
1118,70,4,2025-05-08,Offline Trade,1,58.85,refunded,58.85
1119,17,15,2025-01-18,Amazon,2,64.05,refunded,128.1
1120,465,5,2025-09-24,Amazon,1,111.48,refunded,111.48
1121,493,14,2025-12-15,eBay,4,86.37,completed,345.48
1122,383,5,2025-11-19,Website,2,111.48,cancelled,222.96
1123,466,6,2025-03-04,eBay,5,78.01,refunded,390.05
1124,313,15,2025-04-12,eBay,3,64.05,completed,192.15
1125,274,12,2025-02-27,Amazon,2,71.75,refunded,143.5
1126,171,7,2025-01-08,Amazon,3,112.57,completed,337.71
1127,62,6,2025-03-03,Offline Trade,5,78.01,completed,390.05
1128,81,14,2025-01-22,Offline Trade,1,86.37,cancelled,86.37
1129,110,1,2025-07-10,Website,2,58.46,completed,116.92
1130,211,5,2025-09-13,Website,2,111.48,cancelled,222.96
1131,369,14,2025-11-17,Website,3,86.37,completed,259.11
1132,325,3,2025-11-27,Amazon,3,87.18,cancelled,261.54
1133,293,15,2025-03-06,Offline Trade,1,64.05,completed,64.05
1134,357,10,2025-10-13,eBay,3,16.0,refunded,48.0
1135,192,9,2025-01-11,Offline Trade,2,109.74,completed,219.48
1136,348,6,2025-05-09,Website,2,78.01,refunded,156.02
1137,356,15,2025-10-14,eBay,4,64.05,cancelled,256.2
1138,186,7,2025-04-08,Amazon,4,112.57,cancelled,450.28
1139,295,12,2025-06-15,Offline Trade,3,71.75,completed,215.25
1140,444,8,2025-10-11,Amazon,5,68.99,completed,344.95
1141,437,3,2025-03-21,Offline Trade,5,87.18,completed,435.9
1142,327,7,2025-10-05,eBay,3,112.57,refunded,337.71
1143,482,12,2025-11-23,Offline Trade,1,71.75,completed,71.75
1144,30,13,2025-11-14,eBay,1,21.93,cancelled,21.93
1145,345,7,2025-06-14,Website,2,112.57,cancelled,225.14
1146,221,6,2025-04-08,Offline Trade,4,78.01,cancelled,312.04
1147,313,14,2025-11-10,eBay,2,86.37,completed,172.74
1148,223,14,2025-11-25,eBay,4,86.37,completed,345.48
1149,392,16,2025-09-25,Website,1,17.01,completed,17.01
1150,171,12,2025-04-02,Website,2,71.75,completed,143.5
1151,472,4,2025-09-06,Amazon,1,58.85,completed,58.85
1152,103,1,2025-10-20,Offline Trade,1,58.46,refunded,58.46
1153,254,10,2025-11-16,eBay,5,16.0,completed,80.0
1154,88,10,2025-04-24,Website,3,16.0,completed,48.0
1155,131,14,2025-12-02,Offline Trade,2,86.37,completed,172.74
1156,168,6,2025-11-24,Website,4,78.01,completed,312.04
1157,293,8,2025-08-01,eBay,5,68.99,completed,344.95
1158,240,4,2025-05-17,Website,5,58.85,completed,294.25
1159,416,1,2025-02-09,Amazon,3,58.46,cancelled,175.38
1160,464,7,2025-02-21,Amazon,1,112.57,cancelled,112.57
1161,182,5,2025-04-08,Amazon,4,111.48,cancelled,445.92
1162,229,12,2025-10-19,Amazon,2,71.75,cancelled,143.5
1163,85,10,2025-08-01,Website,5,16.0,cancelled,80.0
1164,94,13,2025-12-12,Offline Trade,3,21.93,refunded,65.79
1165,435,4,2025-03-27,Amazon,1,58.85,cancelled,58.85
1166,51,10,2025-09-16,eBay,4,16.0,completed,64.0
1167,362,6,2025-11-04,Offline Trade,5,78.01,completed,390.05
1168,286,9,2025-10-09,eBay,3,109.74,completed,329.22
1169,348,3,2025-11-21,Offline Trade,4,87.18,completed,348.72
1170,259,5,2025-05-04,Amazon,5,111.48,refunded,557.4
1171,209,15,2025-05-11,eBay,5,64.05,refunded,320.25
1172,404,13,2025-07-23,Website,4,21.93,completed,87.72
1173,38,16,2025-11-02,Website,3,17.01,cancelled,51.03
1174,118,10,2025-06-04,Website,2,16.0,completed,32.0
1175,32,13,2025-04-20,eBay,2,21.93,completed,43.86
1176,347,7,2025-10-11,Amazon,3,112.57,completed,337.71
1177,296,13,2025-08-24,eBay,1,21.93,completed,21.93
1178,405,7,2025-05-16,eBay,2,112.57,cancelled,225.14
1179,366,16,2025-04-30,eBay,2,17.01,completed,34.02
1180,230,11,2025-10-20,Offline Trade,1,42.45,cancelled,42.45
1181,319,8,2025-02-09,eBay,2,68.99,refunded,137.98
1182,365,9,2025-09-07,Website,2,109.74,cancelled,219.48
1183,339,13,2025-01-20,Offline Trade,3,21.93,completed,65.79
1184,208,12,2025-06-21,eBay,1,71.75,refunded,71.75
1185,23,7,2025-03-03,Amazon,4,112.57,cancelled,450.28
1186,78,9,2025-11-21,Offline Trade,1,109.74,completed,109.74
1187,55,8,2025-09-26,Website,3,68.99,completed,206.97
1188,413,2,2025-10-17,Amazon,5,40.62,completed,203.1
1189,187,5,2025-12-24,Amazon,5,111.48,completed,557.4
1190,220,14,2025-12-11,Offline Trade,1,86.37,refunded,86.37
1191,46,1,2025-10-22,Website,5,58.46,completed,292.3
1192,162,2,2025-05-29,Offline Trade,4,40.62,completed,162.48
1193,442,12,2025-06-22,Website,2,71.75,refunded,143.5
1194,113,2,2025-01-26,Offline Trade,5,40.62,completed,203.1
1195,210,15,2025-07-24,Offline Trade,1,64.05,completed,64.05
1196,366,8,2025-09-04,Amazon,2,68.99,refunded,137.98
1197,220,7,2025-11-30,Amazon,4,112.57,cancelled,450.28
1198,44,10,2025-09-26,Amazon,5,16.0,completed,80.0
1199,65,7,2025-05-17,Offline Trade,1,112.57,completed,112.57
1200,313,3,2025-02-15,Website,5,87.18,refunded,435.9
1201,453,11,2025-07-07,eBay,4,42.45,completed,169.8
1202,424,5,2025-06-26,Website,3,111.48,completed,334.44
1203,322,14,2025-06-29,Offline Trade,2,86.37,cancelled,172.74
1204,44,15,2025-08-14,Website,2,64.05,completed,128.1
1205,452,6,2025-12-17,eBay,2,78.01,completed,156.02
1206,232,14,2025-02-27,Website,1,86.37,completed,86.37
1207,428,2,2025-03-17,eBay,5,40.62,completed,203.1
1208,420,15,2025-12-22,Website,3,64.05,completed,192.15
1209,282,14,2025-08-30,Website,4,86.37,completed,345.48
1210,481,5,2025-10-03,Amazon,2,111.48,completed,222.96
1211,406,8,2025-09-25,eBay,5,68.99,cancelled,344.95
1212,12,14,2025-11-15,Amazon,4,86.37,completed,345.48
1213,172,7,2025-10-26,Website,4,112.57,completed,450.28
1214,325,16,2025-01-31,eBay,2,17.01,completed,34.02
1215,241,15,2025-05-19,Website,5,64.05,refunded,320.25
1216,150,8,2025-02-04,Offline Trade,1,68.99,completed,68.99
1217,300,15,2025-02-25,Website,3,64.05,completed,192.15
1218,441,5,2025-04-29,Offline Trade,4,111.48,cancelled,445.92
1219,261,1,2025-06-11,Offline Trade,1,58.46,cancelled,58.46
1220,1,13,2025-02-15,Amazon,5,21.93,completed,109.65
1221,377,12,2025-08-23,Website,5,71.75,completed,358.75
1222,28,12,2025-09-29,eBay,2,71.75,completed,143.5
1223,385,4,2025-07-21,Amazon,4,58.85,completed,235.4
1224,15,6,2025-12-17,eBay,3,78.01,completed,234.03
1225,348,11,2025-05-01,eBay,3,42.45,completed,127.35
1226,339,12,2025-07-18,Website,3,71.75,cancelled,215.25
1227,433,8,2025-04-26,Amazon,3,68.99,completed,206.97
1228,85,13,2025-12-03,Amazon,4,21.93,completed,87.72
1229,217,14,2025-09-24,Amazon,4,86.37,refunded,345.48
1230,261,1,2025-10-21,Amazon,2,58.46,refunded,116.92
1231,420,1,2025-11-06,eBay,3,58.46,refunded,175.38
1232,41,1,2025-03-09,Amazon,5,58.46,completed,292.3
1233,263,12,2025-10-05,Amazon,5,71.75,completed,358.75
1234,203,6,2025-12-19,Amazon,3,78.01,refunded,234.03
1235,499,2,2025-12-02,Amazon,2,40.62,completed,81.24
1236,332,12,2025-10-13,Website,1,71.75,completed,71.75
1237,157,14,2025-03-16,Website,3,86.37,completed,259.11
1238,475,12,2025-07-30,eBay,4,71.75,refunded,287.0
1239,484,12,2025-03-19,Amazon,3,71.75,completed,215.25
1240,260,14,2025-04-05,Website,2,86.37,cancelled,172.74
1241,374,8,2025-05-17,Amazon,5,68.99,cancelled,344.95
1242,351,13,2025-04-29,Website,2,21.93,completed,43.86
1243,270,12,2025-12-19,Offline Trade,1,71.75,completed,71.75
1244,180,16,2025-11-06,Offline Trade,5,17.01,completed,85.05
1245,174,7,2025-07-18,Offline Trade,2,112.57,refunded,225.14
1246,140,5,2025-03-25,Amazon,2,111.48,completed,222.96
1247,386,8,2025-07-29,Website,1,68.99,completed,68.99
1248,338,15,2025-04-24,Amazon,4,64.05,completed,256.2
1249,231,3,2025-04-01,Offline Trade,1,87.18,cancelled,87.18
1250,245,6,2025-12-19,eBay,4,78.01,refunded,312.04
1251,248,4,2025-08-07,Offline Trade,2,58.85,completed,117.7
1252,293,14,2025-07-14,eBay,5,86.37,refunded,431.85
1253,383,1,2025-10-20,Website,5,58.46,cancelled,292.3
1254,320,2,2025-08-20,Offline Trade,1,40.62,completed,40.62
1255,357,9,2025-09-23,Offline Trade,2,109.74,completed,219.48
1256,197,5,2025-07-18,Website,5,111.48,completed,557.4
1257,157,6,2025-08-14,Offline Trade,3,78.01,completed,234.03
1258,440,16,2025-08-25,Amazon,3,17.01,refunded,51.03
1259,381,6,2025-11-10,Website,3,78.01,cancelled,234.03
1260,381,8,2025-08-26,Offline Trade,2,68.99,completed,137.98
1261,446,1,2025-02-27,Amazon,5,58.46,cancelled,292.3
1262,270,2,2025-03-11,Offline Trade,5,40.62,refunded,203.1
1263,110,10,2025-08-19,Website,3,16.0,completed,48.0
1264,387,14,2025-10-30,Amazon,4,86.37,refunded,345.48
1265,275,2,2025-05-09,eBay,1,40.62,completed,40.62
1266,296,1,2025-02-16,Website,1,58.46,refunded,58.46
1267,329,7,2025-02-13,Offline Trade,3,112.57,cancelled,337.71
1268,55,12,2025-03-23,Offline Trade,5,71.75,cancelled,358.75
1269,136,7,2025-01-23,Amazon,4,112.57,completed,450.28
1270,126,13,2025-12-04,Amazon,5,21.93,completed,109.65
1271,315,9,2025-04-02,Website,2,109.74,refunded,219.48
1272,97,13,2025-06-08,Offline Trade,3,21.93,completed,65.79
1273,471,10,2025-03-02,Amazon,2,16.0,completed,32.0
1274,393,8,2025-11-15,eBay,1,68.99,completed,68.99
1275,357,10,2025-09-12,Offline Trade,4,16.0,cancelled,64.0
1276,253,5,2025-11-08,Offline Trade,1,111.48,completed,111.48
1277,428,15,2025-10-29,Offline Trade,2,64.05,refunded,128.1
1278,481,11,2025-08-15,Website,4,42.45,cancelled,169.8
1279,184,1,2025-01-04,Amazon,5,58.46,cancelled,292.3
1280,282,8,2025-11-14,Amazon,3,68.99,completed,206.97
1281,215,11,2025-03-17,Website,2,42.45,completed,84.9
1282,26,3,2025-03-16,Website,1,87.18,cancelled,87.18
1283,473,8,2025-06-02,eBay,5,68.99,completed,344.95
1284,219,9,2025-02-25,Offline Trade,1,109.74,completed,109.74
1285,415,15,2025-12-11,eBay,2,64.05,cancelled,128.1
1286,335,15,2025-10-21,Amazon,5,64.05,refunded,320.25
1287,213,15,2025-07-04,Website,5,64.05,completed,320.25
1288,359,2,2025-06-15,eBay,3,40.62,refunded,121.86
1289,261,4,2025-08-07,Website,1,58.85,completed,58.85
1290,458,9,2025-03-10,Website,4,109.74,completed,438.96
1291,431,3,2025-09-27,Offline Trade,3,87.18,cancelled,261.54
1292,270,16,2025-12-23,Amazon,2,17.01,cancelled,34.02
1293,478,5,2025-02-25,Website,1,111.48,refunded,111.48
1294,54,15,2025-12-28,eBay,5,64.05,refunded,320.25
1295,256,15,2025-06-12,eBay,5,64.05,cancelled,320.25
1296,166,8,2025-11-16,eBay,5,68.99,completed,344.95
1297,116,7,2025-10-16,Offline Trade,5,112.57,cancelled,562.85
1298,232,13,2025-09-10,Amazon,4,21.93,cancelled,87.72
1299,454,2,2025-12-29,eBay,2,40.62,completed,81.24
1300,99,13,2025-03-02,Website,1,21.93,refunded,21.93
1301,268,15,2025-04-17,Offline Trade,1,64.05,refunded,64.05
1302,201,9,2025-06-20,eBay,1,109.74,cancelled,109.74
1303,350,14,2025-01-06,Amazon,2,86.37,completed,172.74
1304,367,11,2025-02-04,eBay,3,42.45,completed,127.35
1305,263,11,2025-10-09,eBay,5,42.45,completed,212.25
1306,465,16,2025-12-18,eBay,1,17.01,completed,17.01
1307,376,7,2025-10-19,Website,4,112.57,completed,450.28
1308,354,12,2025-06-19,eBay,2,71.75,refunded,143.5
1309,269,5,2025-01-19,Amazon,4,111.48,refunded,445.92
1310,406,3,2025-11-18,Offline Trade,2,87.18,cancelled,174.36
1311,360,3,2025-08-25,Offline Trade,3,87.18,completed,261.54
1312,97,12,2025-06-03,eBay,5,71.75,cancelled,358.75
1313,240,8,2025-01-10,Amazon,5,68.99,cancelled,344.95
1314,105,5,2025-07-01,Website,3,111.48,completed,334.44
1315,211,1,2025-01-16,eBay,3,58.46,refunded,175.38
1316,166,4,2025-03-26,Offline Trade,5,58.85,completed,294.25
1317,153,1,2025-03-01,eBay,5,58.46,completed,292.3
1318,387,15,2025-05-20,Offline Trade,1,64.05,completed,64.05
1319,124,3,2025-05-02,eBay,4,87.18,refunded,348.72
1320,379,8,2025-04-21,eBay,3,68.99,completed,206.97
1321,65,10,2025-07-11,Website,1,16.0,completed,16.0
1322,109,11,2025-08-16,Website,1,42.45,refunded,42.45
1323,434,15,2025-03-20,Amazon,5,64.05,completed,320.25
1324,2,2,2025-09-26,eBay,4,40.62,completed,162.48
1325,131,2,2025-02-20,Amazon,2,40.62,completed,81.24
1326,63,8,2025-08-24,Offline Trade,1,68.99,cancelled,68.99
1327,435,2,2025-01-03,eBay,1,40.62,completed,40.62
1328,377,16,2025-02-14,eBay,5,17.01,refunded,85.05
1329,130,14,2025-02-22,eBay,1,86.37,completed,86.37
1330,30,16,2025-06-09,Amazon,5,17.01,completed,85.05
1331,275,12,2025-04-09,eBay,2,71.75,completed,143.5
1332,71,5,2025-06-13,Offline Trade,5,111.48,completed,557.4
1333,431,5,2025-03-18,Amazon,3,111.48,completed,334.44
1334,203,14,2025-01-08,Website,1,86.37,completed,86.37
1335,73,9,2025-06-29,eBay,5,109.74,completed,548.7
1336,194,3,2025-12-27,eBay,2,87.18,cancelled,174.36
1337,465,15,2025-03-29,Website,2,64.05,completed,128.1
1338,431,7,2025-06-23,Offline Trade,5,112.57,completed,562.85
1339,324,9,2025-01-15,Offline Trade,2,109.74,completed,219.48
1340,94,3,2025-07-16,Website,1,87.18,completed,87.18
1341,243,16,2025-07-20,Amazon,4,17.01,cancelled,68.04
1342,185,12,2025-11-19,Offline Trade,5,71.75,cancelled,358.75
1343,390,6,2025-06-09,eBay,3,78.01,completed,234.03
1344,24,11,2025-02-10,Offline Trade,5,42.45,cancelled,212.25
1345,489,13,2025-02-17,Offline Trade,2,21.93,completed,43.86
1346,227,7,2025-06-08,Offline Trade,4,112.57,refunded,450.28
1347,260,16,2025-04-25,Amazon,2,17.01,cancelled,34.02
1348,401,16,2025-07-06,Offline Trade,3,17.01,completed,51.03
1349,434,9,2025-06-16,Offline Trade,3,109.74,refunded,329.22
1350,28,4,2025-02-03,Offline Trade,1,58.85,completed,58.85
1351,315,10,2025-09-03,Offline Trade,3,16.0,completed,48.0
1352,33,11,2025-06-28,Amazon,3,42.45,cancelled,127.35
1353,210,4,2025-07-27,Website,1,58.85,completed,58.85
1354,238,7,2025-11-29,Website,5,112.57,completed,562.85
1355,288,2,2025-08-25,Offline Trade,5,40.62,cancelled,203.1
1356,240,13,2025-05-03,Amazon,4,21.93,cancelled,87.72
1357,302,9,2025-09-04,Offline Trade,2,109.74,completed,219.48
1358,95,3,2025-04-17,Offline Trade,3,87.18,refunded,261.54
1359,49,11,2025-06-25,Amazon,5,42.45,completed,212.25
1360,389,5,2025-12-31,Offline Trade,1,111.48,completed,111.48
1361,372,4,2025-11-02,Offline Trade,5,58.85,completed,294.25
1362,393,3,2025-02-19,Offline Trade,5,87.18,completed,435.9
1363,435,7,2025-07-27,Website,3,112.57,cancelled,337.71
1364,241,8,2025-12-17,Offline Trade,1,68.99,completed,68.99
1365,160,6,2025-11-27,Website,4,78.01,completed,312.04
1366,141,3,2025-03-13,Website,2,87.18,completed,174.36
1367,481,6,2025-08-20,eBay,2,78.01,refunded,156.02
1368,168,8,2025-10-23,Offline Trade,5,68.99,completed,344.95
1369,443,1,2025-12-15,eBay,2,58.46,completed,116.92
1370,194,6,2025-12-14,eBay,5,78.01,refunded,390.05
1371,373,3,2025-02-15,Website,3,87.18,cancelled,261.54
1372,342,2,2025-07-26,Amazon,5,40.62,completed,203.1
1373,164,1,2025-07-09,Website,1,58.46,completed,58.46
1374,304,10,2025-07-03,Website,5,16.0,completed,80.0
1375,51,13,2025-05-01,Offline Trade,1,21.93,cancelled,21.93
1376,483,10,2025-11-17,eBay,4,16.0,refunded,64.0
1377,498,9,2025-07-15,Offline Trade,4,109.74,cancelled,438.96
1378,342,15,2025-12-06,Amazon,2,64.05,refunded,128.1
1379,19,16,2025-04-07,Offline Trade,2,17.01,completed,34.02
1380,208,3,2025-03-20,eBay,4,87.18,completed,348.72
1381,92,4,2025-01-06,Website,2,58.85,completed,117.7
1382,283,16,2025-09-07,Offline Trade,2,17.01,completed,34.02
1383,497,2,2025-03-12,Offline Trade,1,40.62,refunded,40.62
1384,485,9,2025-08-06,Amazon,5,109.74,refunded,548.7
1385,166,1,2025-08-06,Offline Trade,5,58.46,refunded,292.3
1386,461,7,2025-04-26,Amazon,3,112.57,refunded,337.71
1387,404,12,2025-01-04,Offline Trade,5,71.75,completed,358.75
1388,319,6,2025-05-18,Offline Trade,5,78.01,cancelled,390.05
1389,376,12,2025-07-07,Website,5,71.75,completed,358.75
1390,442,4,2025-09-05,eBay,5,58.85,completed,294.25
1391,175,5,2025-09-04,Website,5,111.48,completed,557.4
1392,489,10,2025-05-24,Offline Trade,5,16.0,cancelled,80.0
1393,127,6,2025-09-25,Website,1,78.01,completed,78.01
1394,4,9,2025-11-19,Website,4,109.74,cancelled,438.96
1395,76,12,2025-06-09,Website,5,71.75,completed,358.75
1396,450,13,2025-01-06,Offline Trade,5,21.93,refunded,109.65
1397,62,1,2025-08-29,eBay,5,58.46,refunded,292.3
1398,31,5,2025-05-31,eBay,3,111.48,completed,334.44
1399,51,12,2025-12-22,eBay,1,71.75,cancelled,71.75
1400,89,15,2025-02-01,Offline Trade,3,64.05,cancelled,192.15
1401,476,12,2025-10-21,Website,2,71.75,completed,143.5
1402,264,3,2025-01-14,eBay,5,87.18,refunded,435.9
1403,214,7,2025-03-06,Website,1,112.57,completed,112.57
1404,479,16,2025-03-09,eBay,3,17.01,completed,51.03
1405,248,14,2025-01-08,Website,3,86.37,cancelled,259.11
1406,197,15,2025-10-30,Amazon,2,64.05,refunded,128.1
1407,93,3,2025-03-31,eBay,3,87.18,completed,261.54
1408,492,5,2025-04-03,Website,4,111.48,completed,445.92
1409,360,12,2025-03-16,Amazon,1,71.75,refunded,71.75
1410,481,8,2025-07-16,Amazon,4,68.99,refunded,275.96
1411,361,1,2025-04-18,eBay,2,58.46,completed,116.92
1412,415,5,2025-03-01,Website,3,111.48,completed,334.44
1413,338,6,2025-07-24,Offline Trade,4,78.01,completed,312.04
1414,59,4,2025-09-30,Amazon,4,58.85,refunded,235.4
1415,264,7,2025-08-31,eBay,4,112.57,completed,450.28
1416,301,8,2025-08-11,Website,5,68.99,completed,344.95
1417,401,16,2025-07-15,eBay,4,17.01,cancelled,68.04
1418,126,7,2025-02-19,eBay,1,112.57,refunded,112.57
1419,337,8,2025-11-30,eBay,5,68.99,completed,344.95
1420,289,14,2025-05-17,Website,3,86.37,completed,259.11
1421,242,9,2025-07-20,Offline Trade,5,109.74,completed,548.7
1422,81,9,2025-04-10,eBay,5,109.74,completed,548.7
1423,119,8,2025-10-08,Website,3,68.99,completed,206.97
1424,293,15,2025-01-07,Offline Trade,1,64.05,completed,64.05
1425,236,9,2025-02-23,Offline Trade,5,109.74,completed,548.7
1426,140,15,2025-05-26,eBay,2,64.05,completed,128.1
1427,454,1,2025-01-13,Website,1,58.46,completed,58.46
1428,486,16,2025-12-03,Amazon,5,17.01,cancelled,85.05
1429,295,5,2025-12-29,Website,1,111.48,completed,111.48
1430,338,8,2025-03-08,Offline Trade,5,68.99,cancelled,344.95
1431,297,1,2025-02-26,Amazon,2,58.46,completed,116.92
1432,199,14,2025-08-28,Website,3,86.37,refunded,259.11
1433,247,16,2025-08-07,eBay,3,17.01,completed,51.03
1434,38,11,2025-02-07,eBay,2,42.45,completed,84.9
1435,442,9,2025-07-18,eBay,4,109.74,completed,438.96
1436,245,3,2025-05-16,Amazon,3,87.18,refunded,261.54
1437,341,10,2025-09-09,Amazon,1,16.0,cancelled,16.0
1438,300,12,2025-04-02,Offline Trade,4,71.75,completed,287.0
1439,35,2,2025-10-04,Offline Trade,2,40.62,completed,81.24
1440,128,9,2025-11-26,Website,5,109.74,refunded,548.7
1441,401,11,2025-02-22,Website,3,42.45,completed,127.35
1442,325,1,2025-10-20,eBay,1,58.46,refunded,58.46
1443,334,14,2025-09-12,Amazon,1,86.37,completed,86.37
1444,323,5,2025-12-07,Offline Trade,1,111.48,completed,111.48
1445,26,7,2025-12-25,eBay,2,112.57,refunded,225.14
1446,84,13,2025-01-02,Offline Trade,5,21.93,refunded,109.65
1447,75,12,2025-07-26,Website,4,71.75,cancelled,287.0
1448,402,13,2025-01-02,Offline Trade,2,21.93,refunded,43.86
1449,402,10,2025-10-18,eBay,1,16.0,completed,16.0
1450,266,3,2025-07-25,Website,3,87.18,completed,261.54
1451,30,1,2025-10-01,eBay,3,58.46,completed,175.38
1452,92,10,2025-05-29,Amazon,4,16.0,completed,64.0
1453,294,14,2025-01-21,Offline Trade,5,86.37,completed,431.85
1454,304,4,2025-12-23,Offline Trade,3,58.85,completed,176.55
1455,174,7,2025-09-07,Website,3,112.57,refunded,337.71
1456,84,4,2025-03-13,Website,2,58.85,completed,117.7
1457,440,1,2025-10-31,Amazon,1,58.46,refunded,58.46
1458,248,16,2025-02-02,eBay,4,17.01,refunded,68.04
1459,299,13,2025-08-19,Website,5,21.93,completed,109.65
1460,290,15,2025-01-29,eBay,3,64.05,completed,192.15
1461,432,9,2025-03-02,Amazon,4,109.74,cancelled,438.96
1462,181,5,2025-12-14,Amazon,4,111.48,cancelled,445.92
1463,267,2,2025-02-06,Website,2,40.62,completed,81.24
1464,138,5,2025-12-01,Website,4,111.48,refunded,445.92
1465,119,4,2025-01-24,Amazon,5,58.85,completed,294.25
1466,323,13,2025-03-30,Website,1,21.93,completed,21.93
1467,457,4,2025-08-22,Amazon,1,58.85,cancelled,58.85
1468,17,11,2025-02-24,Website,1,42.45,refunded,42.45
1469,79,7,2025-11-12,Amazon,5,112.57,completed,562.85
1470,196,5,2025-08-07,eBay,2,111.48,refunded,222.96
1471,40,15,2025-03-03,Amazon,3,64.05,completed,192.15
1472,29,9,2025-01-24,Amazon,2,109.74,completed,219.48
1473,26,6,2025-03-03,eBay,1,78.01,completed,78.01
1474,328,13,2025-03-28,eBay,4,21.93,cancelled,87.72
1475,270,9,2025-08-13,Amazon,2,109.74,cancelled,219.48
1476,51,4,2025-03-10,Website,1,58.85,cancelled,58.85
1477,247,5,2025-03-22,Website,4,111.48,refunded,445.92
1478,335,13,2025-01-04,Website,1,21.93,completed,21.93
1479,41,5,2025-12-28,eBay,1,111.48,refunded,111.48
1480,253,4,2025-12-21,Amazon,4,58.85,completed,235.4
1481,249,6,2025-11-24,eBay,2,78.01,cancelled,156.02
1482,109,16,2025-07-30,Amazon,4,17.01,completed,68.04
1483,372,1,2025-12-21,Website,5,58.46,cancelled,292.3
1484,173,6,2025-09-13,Website,2,78.01,completed,156.02
1485,51,7,2025-08-03,Website,3,112.57,cancelled,337.71
1486,376,9,2025-04-09,Website,2,109.74,cancelled,219.48
1487,269,14,2025-11-13,eBay,1,86.37,cancelled,86.37
1488,236,3,2025-04-23,Offline Trade,5,87.18,completed,435.9
1489,317,6,2025-01-28,Amazon,3,78.01,completed,234.03
1490,462,10,2025-12-17,Offline Trade,2,16.0,refunded,32.0
1491,484,16,2025-03-23,Website,2,17.01,completed,34.02
1492,166,13,2025-05-26,Amazon,3,21.93,refunded,65.79
1493,313,1,2025-06-21,Offline Trade,3,58.46,completed,175.38
1494,106,16,2025-01-27,Amazon,1,17.01,completed,17.01
1495,312,15,2025-09-06,Website,1,64.05,completed,64.05
1496,268,14,2025-08-16,eBay,2,86.37,refunded,172.74
1497,223,3,2025-12-13,eBay,2,87.18,completed,174.36
1498,51,11,2025-06-16,Amazon,1,42.45,completed,42.45
1499,41,4,2025-07-31,Amazon,2,58.85,refunded,117.7
1500,228,11,2025-02-07,Offline Trade,2,42.45,cancelled,84.9
1501,498,9,2025-01-28,Offline Trade,4,109.74,completed,438.96
1502,350,10,2025-11-09,Offline Trade,2,16.0,completed,32.0
1503,325,5,2025-07-11,Amazon,4,111.48,refunded,445.92
1504,41,15,2025-11-20,eBay,2,64.05,completed,128.1
1505,292,12,2025-06-21,Amazon,2,71.75,completed,143.5
1506,120,2,2025-01-31,eBay,5,40.62,completed,203.1
1507,199,16,2025-08-27,Offline Trade,1,17.01,refunded,17.01
1508,162,11,2025-06-25,Amazon,2,42.45,completed,84.9
1509,210,11,2025-03-22,Amazon,5,42.45,cancelled,212.25
1510,155,5,2025-04-28,Website,5,111.48,refunded,557.4
1511,70,5,2025-09-08,Amazon,5,111.48,cancelled,557.4
1512,187,11,2025-08-25,eBay,4,42.45,completed,169.8
1513,66,11,2025-05-07,Amazon,4,42.45,completed,169.8
1514,188,1,2025-10-24,Amazon,4,58.46,cancelled,233.84
1515,113,11,2025-10-21,Website,2,42.45,refunded,84.9
1516,142,3,2025-01-21,Offline Trade,1,87.18,cancelled,87.18
1517,476,9,2025-08-06,Offline Trade,1,109.74,refunded,109.74
1518,392,1,2025-08-20,Offline Trade,1,58.46,completed,58.46
1519,407,15,2025-10-13,Website,1,64.05,refunded,64.05
1520,172,14,2025-03-09,eBay,2,86.37,completed,172.74
1521,23,6,2025-11-28,Website,2,78.01,completed,156.02
1522,26,5,2025-12-09,eBay,4,111.48,completed,445.92
1523,281,5,2025-10-20,Website,4,111.48,refunded,445.92
1524,366,5,2025-03-12,Offline Trade,4,111.48,completed,445.92
1525,375,13,2025-11-17,Offline Trade,3,21.93,completed,65.79
1526,339,3,2025-07-17,eBay,1,87.18,cancelled,87.18
1527,127,2,2025-06-01,Offline Trade,1,40.62,completed,40.62
1528,122,9,2025-10-05,Amazon,5,109.74,completed,548.7
1529,220,6,2025-06-21,Website,5,78.01,cancelled,390.05
1530,453,9,2025-01-27,Website,3,109.74,refunded,329.22
1531,178,15,2025-08-27,Website,3,64.05,completed,192.15
1532,259,15,2025-03-31,Website,3,64.05,cancelled,192.15
1533,411,10,2025-03-12,eBay,2,16.0,completed,32.0
1534,341,1,2025-02-28,Offline Trade,5,58.46,cancelled,292.3
1535,75,10,2025-04-26,eBay,2,16.0,completed,32.0
1536,461,11,2025-09-15,Offline Trade,3,42.45,completed,127.35
1537,339,9,2025-02-02,eBay,1,109.74,completed,109.74
1538,473,14,2025-09-06,Website,4,86.37,refunded,345.48
1539,123,4,2025-12-14,eBay,5,58.85,refunded,294.25
1540,346,5,2025-07-08,Website,5,111.48,completed,557.4
1541,416,1,2025-02-14,Website,4,58.46,refunded,233.84
1542,264,11,2025-05-28,Website,2,42.45,completed,84.9
1543,103,7,2025-05-22,Website,2,112.57,completed,225.14
1544,261,7,2025-03-19,Amazon,4,112.57,cancelled,450.28
1545,353,1,2025-05-31,Offline Trade,1,58.46,cancelled,58.46
1546,417,7,2025-08-31,eBay,2,112.57,refunded,225.14
1547,410,4,2025-11-27,Website,4,58.85,completed,235.4
1548,443,16,2025-02-02,Website,2,17.01,completed,34.02
1549,450,13,2025-11-27,eBay,5,21.93,refunded,109.65
1550,148,12,2025-06-25,eBay,5,71.75,refunded,358.75
1551,219,7,2025-12-07,Offline Trade,5,112.57,refunded,562.85
1552,414,3,2025-10-18,Amazon,3,87.18,completed,261.54
1553,242,5,2025-05-14,Amazon,2,111.48,refunded,222.96
1554,384,1,2025-05-28,Website,3,58.46,completed,175.38
1555,336,7,2025-05-26,Offline Trade,3,112.57,completed,337.71
1556,162,10,2025-03-24,eBay,5,16.0,completed,80.0
1557,83,13,2025-12-29,Amazon,2,21.93,completed,43.86
1558,90,6,2025-03-01,Website,2,78.01,completed,156.02
1559,179,1,2025-03-06,Offline Trade,5,58.46,completed,292.3
1560,234,12,2025-04-05,Amazon,3,71.75,cancelled,215.25
1561,228,3,2025-12-07,eBay,1,87.18,completed,87.18
1562,333,8,2025-07-10,Offline Trade,2,68.99,cancelled,137.98
1563,133,11,2025-10-01,eBay,2,42.45,completed,84.9
1564,390,5,2025-07-27,Offline Trade,1,111.48,completed,111.48
1565,290,16,2025-06-13,Amazon,4,17.01,completed,68.04
1566,161,2,2025-09-17,eBay,5,40.62,completed,203.1
1567,214,6,2025-05-29,Amazon,4,78.01,cancelled,312.04
1568,318,16,2025-06-23,Website,4,17.01,refunded,68.04
1569,145,13,2025-03-13,Website,1,21.93,completed,21.93
1570,224,9,2025-07-25,Amazon,1,109.74,refunded,109.74
1571,279,12,2025-02-17,eBay,3,71.75,completed,215.25
1572,350,5,2025-11-25,Amazon,5,111.48,cancelled,557.4
1573,48,3,2025-04-24,eBay,5,87.18,completed,435.9
1574,52,5,2025-02-12,Offline Trade,1,111.48,completed,111.48
1575,67,9,2025-07-21,Amazon,5,109.74,refunded,548.7
1576,242,15,2025-11-05,Website,3,64.05,completed,192.15
1577,347,14,2025-03-17,Offline Trade,4,86.37,completed,345.48
1578,245,6,2025-07-10,Website,4,78.01,completed,312.04
1579,428,11,2025-06-29,eBay,3,42.45,refunded,127.35
1580,47,9,2025-02-14,Amazon,5,109.74,refunded,548.7
1581,394,4,2025-08-15,eBay,4,58.85,completed,235.4
1582,40,15,2025-08-01,Amazon,4,64.05,cancelled,256.2
1583,474,11,2025-02-14,Amazon,5,42.45,completed,212.25
1584,163,7,2025-09-01,eBay,3,112.57,completed,337.71
1585,357,14,2025-07-12,Website,5,86.37,completed,431.85
1586,161,7,2025-11-24,eBay,4,112.57,refunded,450.28
1587,243,10,2025-10-12,Offline Trade,2,16.0,cancelled,32.0
1588,198,5,2025-04-13,Amazon,2,111.48,refunded,222.96
1589,120,7,2025-10-11,Offline Trade,3,112.57,completed,337.71
1590,188,9,2025-10-27,eBay,3,109.74,refunded,329.22
1591,57,7,2025-08-26,Amazon,5,112.57,completed,562.85
1592,29,3,2025-03-20,eBay,1,87.18,completed,87.18
1593,25,11,2025-03-05,eBay,4,42.45,refunded,169.8
1594,314,12,2025-09-09,Amazon,2,71.75,completed,143.5
1595,269,10,2025-05-22,Offline Trade,1,16.0,completed,16.0
1596,99,5,2025-07-05,Offline Trade,5,111.48,cancelled,557.4
1597,403,2,2025-05-13,Offline Trade,4,40.62,completed,162.48
1598,59,16,2025-09-20,Website,3,17.01,completed,51.03
1599,120,6,2025-10-25,Website,2,78.01,completed,156.02
1600,213,15,2025-08-25,Amazon,3,64.05,completed,192.15
1601,418,1,2025-01-28,eBay,2,58.46,completed,116.92
1602,145,2,2025-11-22,eBay,4,40.62,completed,162.48
1603,352,11,2025-05-30,Website,3,42.45,cancelled,127.35
1604,99,16,2025-11-18,Amazon,2,17.01,completed,34.02
1605,438,1,2025-03-27,eBay,5,58.46,completed,292.3
1606,84,14,2025-05-19,eBay,3,86.37,completed,259.11
1607,177,5,2025-10-24,eBay,5,111.48,completed,557.4
1608,463,11,2025-03-12,eBay,1,42.45,completed,42.45
1609,35,14,2025-07-30,eBay,4,86.37,completed,345.48
1610,197,9,2025-04-22,Amazon,1,109.74,cancelled,109.74
1611,49,7,2025-04-07,Website,2,112.57,refunded,225.14
1612,199,14,2025-02-09,Website,4,86.37,completed,345.48
1613,284,3,2025-09-03,eBay,1,87.18,completed,87.18
1614,347,9,2025-03-13,Offline Trade,3,109.74,cancelled,329.22
1615,442,6,2025-06-25,Amazon,5,78.01,completed,390.05
1616,140,10,2025-03-02,Amazon,1,16.0,completed,16.0
1617,39,7,2025-12-19,Amazon,2,112.57,completed,225.14
1618,245,7,2025-04-18,Amazon,2,112.57,completed,225.14
1619,475,1,2025-12-20,Website,4,58.46,completed,233.84
1620,173,15,2025-09-05,Offline Trade,1,64.05,completed,64.05
1621,26,15,2025-02-25,Website,2,64.05,cancelled,128.1
1622,331,9,2025-01-31,Offline Trade,5,109.74,completed,548.7
1623,26,16,2025-01-23,Website,3,17.01,completed,51.03
1624,254,16,2025-02-19,Website,1,17.01,cancelled,17.01
1625,87,13,2025-10-28,Amazon,2,21.93,completed,43.86
1626,368,4,2025-01-15,Website,3,58.85,completed,176.55
1627,262,14,2025-10-24,eBay,3,86.37,completed,259.11
1628,486,2,2025-09-14,Amazon,2,40.62,cancelled,81.24
1629,412,5,2025-02-04,Website,5,111.48,cancelled,557.4
1630,212,3,2025-09-28,Amazon,1,87.18,completed,87.18
1631,58,11,2025-03-29,Website,3,42.45,completed,127.35
1632,472,5,2025-09-16,Offline Trade,2,111.48,completed,222.96
1633,247,2,2025-04-05,Offline Trade,5,40.62,completed,203.1
1634,71,11,2025-07-01,Offline Trade,2,42.45,refunded,84.9
1635,372,1,2025-09-21,Amazon,2,58.46,refunded,116.92
1636,187,13,2025-06-10,Website,1,21.93,refunded,21.93
1637,177,7,2025-09-24,Amazon,1,112.57,refunded,112.57
1638,21,7,2025-12-27,eBay,3,112.57,cancelled,337.71
1639,441,11,2025-02-12,eBay,1,42.45,refunded,42.45
1640,148,3,2025-07-17,eBay,1,87.18,refunded,87.18
1641,375,16,2025-06-09,Offline Trade,5,17.01,completed,85.05
1642,24,12,2025-07-28,eBay,5,71.75,refunded,358.75
1643,341,11,2025-02-05,Offline Trade,2,42.45,completed,84.9
1644,81,12,2025-01-07,Offline Trade,2,71.75,completed,143.5
1645,272,12,2025-08-13,Website,4,71.75,completed,287.0
1646,372,3,2025-07-22,Offline Trade,2,87.18,cancelled,174.36
1647,362,14,2025-03-28,Website,1,86.37,completed,86.37
1648,353,4,2025-06-23,Amazon,2,58.85,cancelled,117.7
1649,418,3,2025-03-04,Amazon,4,87.18,refunded,348.72
1650,270,13,2025-05-23,eBay,4,21.93,refunded,87.72
1651,181,4,2025-09-01,Offline Trade,3,58.85,refunded,176.55
1652,363,12,2025-05-23,Amazon,5,71.75,refunded,358.75
1653,339,8,2025-03-04,eBay,1,68.99,refunded,68.99
1654,65,2,2025-04-29,Amazon,4,40.62,completed,162.48
1655,492,5,2025-01-28,Website,1,111.48,refunded,111.48
1656,219,11,2025-04-02,Offline Trade,1,42.45,cancelled,42.45
1657,30,9,2025-03-20,eBay,3,109.74,cancelled,329.22
1658,364,4,2025-02-19,Website,5,58.85,cancelled,294.25
1659,45,9,2025-08-27,Amazon,4,109.74,completed,438.96
1660,8,15,2025-09-09,eBay,4,64.05,cancelled,256.2
1661,372,9,2025-10-04,Website,3,109.74,completed,329.22
1662,127,15,2025-03-02,Offline Trade,4,64.05,refunded,256.2
1663,261,3,2025-07-12,Offline Trade,3,87.18,refunded,261.54
1664,28,11,2025-01-17,Amazon,1,42.45,cancelled,42.45
1665,499,6,2025-12-28,Amazon,3,78.01,refunded,234.03
1666,426,13,2025-03-10,eBay,4,21.93,refunded,87.72
1667,117,14,2025-02-26,Offline Trade,4,86.37,cancelled,345.48
1668,76,6,2025-10-20,Offline Trade,5,78.01,refunded,390.05
1669,303,6,2025-03-22,Website,5,78.01,refunded,390.05
1670,151,11,2025-09-11,Offline Trade,3,42.45,cancelled,127.35
1671,169,15,2025-05-26,eBay,3,64.05,completed,192.15
1672,297,5,2025-10-30,Website,1,111.48,completed,111.48
1673,5,6,2025-06-28,Website,3,78.01,completed,234.03
1674,324,11,2025-02-19,Offline Trade,4,42.45,completed,169.8
1675,444,2,2025-07-30,eBay,3,40.62,completed,121.86
1676,146,13,2025-05-07,Amazon,2,21.93,completed,43.86
1677,122,11,2025-02-13,Website,5,42.45,completed,212.25
1678,450,4,2025-06-22,Amazon,1,58.85,completed,58.85
1679,44,12,2025-06-16,Website,5,71.75,refunded,358.75
1680,97,1,2025-10-18,Offline Trade,4,58.46,completed,233.84
1681,161,14,2025-12-23,Offline Trade,1,86.37,cancelled,86.37
1682,242,13,2025-06-12,Offline Trade,1,21.93,cancelled,21.93
1683,497,9,2025-06-15,Website,4,109.74,refunded,438.96
1684,3,2,2025-12-20,Amazon,1,40.62,completed,40.62
1685,207,1,2025-09-15,eBay,4,58.46,completed,233.84
1686,259,1,2025-06-03,eBay,5,58.46,refunded,292.3
1687,95,9,2025-09-12,Website,2,109.74,cancelled,219.48
1688,47,8,2025-05-28,eBay,2,68.99,completed,137.98
1689,174,7,2025-10-21,Offline Trade,3,112.57,completed,337.71
1690,335,12,2025-02-17,Website,5,71.75,cancelled,358.75
1691,331,1,2025-05-20,Website,3,58.46,cancelled,175.38
1692,175,7,2025-09-01,Offline Trade,5,112.57,completed,562.85
1693,261,4,2025-02-09,eBay,3,58.85,cancelled,176.55
1694,404,4,2025-08-10,eBay,3,58.85,completed,176.55
1695,301,8,2025-07-25,eBay,4,68.99,cancelled,275.96
1696,343,5,2025-08-21,Amazon,5,111.48,completed,557.4
1697,105,6,2025-04-06,Offline Trade,5,78.01,completed,390.05
1698,348,16,2025-05-18,Offline Trade,4,17.01,cancelled,68.04
1699,120,3,2025-09-25,Amazon,1,87.18,completed,87.18
1700,9,3,2025-03-17,Amazon,4,87.18,completed,348.72
1701,442,2,2025-08-11,Offline Trade,3,40.62,completed,121.86
1702,345,6,2025-11-21,Amazon,1,78.01,refunded,78.01
1703,144,15,2025-05-27,Amazon,3,64.05,completed,192.15
1704,201,2,2025-05-01,Offline Trade,5,40.62,completed,203.1
1705,326,6,2025-03-18,Amazon,1,78.01,completed,78.01
1706,232,12,2025-06-08,Offline Trade,2,71.75,refunded,143.5
1707,114,13,2025-08-12,Offline Trade,5,21.93,completed,109.65
1708,262,1,2025-03-23,eBay,2,58.46,completed,116.92
1709,53,4,2025-05-13,eBay,1,58.85,cancelled,58.85
1710,479,10,2025-11-26,Website,2,16.0,refunded,32.0
1711,476,4,2025-01-29,Website,1,58.85,completed,58.85
1712,415,14,2025-06-02,Website,5,86.37,refunded,431.85
1713,421,15,2025-12-10,Website,3,64.05,refunded,192.15
1714,296,13,2025-05-01,Website,2,21.93,cancelled,43.86
1715,446,9,2025-03-03,eBay,5,109.74,refunded,548.7
1716,28,7,2025-05-02,Website,1,112.57,completed,112.57
1717,343,14,2025-10-27,Offline Trade,3,86.37,completed,259.11
1718,363,11,2025-04-22,Amazon,4,42.45,completed,169.8
1719,365,6,2025-04-20,eBay,2,78.01,refunded,156.02
1720,207,3,2025-05-11,Website,4,87.18,refunded,348.72
1721,227,2,2025-07-11,Website,5,40.62,completed,203.1
1722,212,16,2025-08-05,Offline Trade,5,17.01,completed,85.05
1723,411,11,2025-03-16,eBay,3,42.45,refunded,127.35
1724,462,4,2025-06-07,Website,3,58.85,cancelled,176.55
1725,51,3,2025-12-06,Website,1,87.18,completed,87.18
1726,351,13,2025-10-10,Offline Trade,3,21.93,completed,65.79
1727,46,9,2025-12-17,Website,3,109.74,cancelled,329.22
1728,243,10,2025-08-15,Offline Trade,2,16.0,completed,32.0
1729,317,3,2025-05-11,eBay,4,87.18,completed,348.72
1730,438,6,2025-06-02,Amazon,2,78.01,completed,156.02
1731,417,14,2025-11-20,eBay,4,86.37,refunded,345.48
1732,2,9,2025-05-21,Website,1,109.74,refunded,109.74
1733,270,13,2025-07-31,eBay,4,21.93,refunded,87.72
1734,192,11,2025-03-24,eBay,1,42.45,cancelled,42.45
1735,91,16,2025-06-30,Offline Trade,1,17.01,cancelled,17.01
1736,249,13,2025-06-17,Offline Trade,5,21.93,completed,109.65
1737,173,15,2025-11-25,Amazon,1,64.05,refunded,64.05
1738,13,10,2025-01-02,Offline Trade,2,16.0,completed,32.0
1739,403,10,2025-06-10,Website,3,16.0,completed,48.0
1740,362,3,2025-05-08,Amazon,2,87.18,cancelled,174.36
1741,160,14,2025-06-13,Offline Trade,4,86.37,refunded,345.48
1742,457,16,2025-05-14,Amazon,2,17.01,cancelled,34.02
1743,477,7,2025-05-25,Amazon,3,112.57,completed,337.71
1744,390,10,2025-07-08,Amazon,4,16.0,refunded,64.0
1745,136,2,2025-10-20,Amazon,4,40.62,completed,162.48
1746,12,13,2025-10-13,Amazon,1,21.93,completed,21.93
1747,198,5,2025-04-12,eBay,4,111.48,completed,445.92
1748,43,3,2025-07-25,Offline Trade,1,87.18,cancelled,87.18
1749,334,10,2025-03-18,Website,3,16.0,completed,48.0
1750,142,16,2025-10-18,Website,2,17.01,completed,34.02
1751,100,4,2025-08-11,Offline Trade,5,58.85,refunded,294.25
1752,235,16,2025-04-25,Amazon,1,17.01,completed,17.01
1753,485,8,2025-05-28,Offline Trade,3,68.99,refunded,206.97
1754,110,6,2025-08-09,Amazon,2,78.01,cancelled,156.02
1755,262,16,2025-05-25,Amazon,2,17.01,refunded,34.02
1756,112,10,2025-07-29,Amazon,2,16.0,completed,32.0
1757,350,1,2025-05-15,Amazon,3,58.46,cancelled,175.38
1758,141,14,2025-05-08,eBay,4,86.37,cancelled,345.48
1759,405,7,2025-02-13,Website,4,112.57,refunded,450.28
1760,378,9,2025-06-15,Offline Trade,2,109.74,completed,219.48
1761,74,2,2025-12-29,Offline Trade,4,40.62,cancelled,162.48
1762,233,2,2025-02-07,Website,3,40.62,cancelled,121.86
1763,286,7,2025-01-27,eBay,1,112.57,completed,112.57
1764,495,11,2025-07-01,Website,4,42.45,completed,169.8
1765,395,4,2025-09-16,Offline Trade,3,58.85,completed,176.55
1766,196,6,2025-12-10,eBay,4,78.01,completed,312.04
1767,432,2,2025-01-22,Amazon,5,40.62,completed,203.1
1768,431,12,2025-09-15,Offline Trade,2,71.75,completed,143.5
1769,363,14,2025-03-09,Website,4,86.37,completed,345.48
1770,387,11,2025-08-10,Amazon,5,42.45,completed,212.25
1771,117,16,2025-06-10,Website,1,17.01,completed,17.01
1772,14,6,2025-05-24,eBay,4,78.01,refunded,312.04
1773,19,13,2025-05-15,eBay,3,21.93,cancelled,65.79
1774,482,4,2025-08-12,Amazon,3,58.85,completed,176.55
1775,349,14,2025-03-19,Offline Trade,4,86.37,completed,345.48
1776,21,6,2025-03-18,Website,2,78.01,completed,156.02
1777,253,4,2025-01-19,Offline Trade,2,58.85,completed,117.7
1778,491,3,2025-12-28,Offline Trade,2,87.18,refunded,174.36
1779,303,8,2025-09-11,Website,1,68.99,refunded,68.99
1780,10,7,2025-12-30,Offline Trade,3,112.57,refunded,337.71
1781,147,8,2025-02-27,Amazon,4,68.99,completed,275.96
1782,295,14,2025-02-17,Amazon,3,86.37,completed,259.11
1783,477,12,2025-03-28,eBay,2,71.75,cancelled,143.5
1784,122,4,2025-04-19,Website,5,58.85,cancelled,294.25
1785,14,9,2025-04-03,Offline Trade,5,109.74,completed,548.7
1786,114,1,2025-09-13,Website,2,58.46,completed,116.92
1787,390,10,2025-05-26,Website,1,16.0,refunded,16.0
1788,42,13,2025-10-30,Website,3,21.93,completed,65.79
1789,304,8,2025-01-15,Website,2,68.99,refunded,137.98
1790,415,8,2025-08-21,eBay,4,68.99,cancelled,275.96
1791,209,2,2025-06-18,Website,1,40.62,cancelled,40.62
1792,425,10,2025-06-16,Amazon,4,16.0,completed,64.0
1793,120,7,2025-11-26,eBay,1,112.57,completed,112.57
1794,432,1,2025-02-06,Offline Trade,1,58.46,completed,58.46
1795,163,2,2025-05-11,Amazon,4,40.62,completed,162.48
1796,429,14,2025-02-15,Website,4,86.37,completed,345.48
1797,10,2,2025-07-18,Offline Trade,2,40.62,completed,81.24
1798,245,9,2025-03-03,eBay,2,109.74,refunded,219.48
1799,186,7,2025-06-08,Amazon,4,112.57,completed,450.28
1800,53,6,2025-07-08,Amazon,1,78.01,refunded,78.01
1801,337,12,2025-07-18,Offline Trade,4,71.75,completed,287.0
1802,374,15,2025-11-04,Offline Trade,5,64.05,completed,320.25
1803,16,2,2025-07-08,Amazon,4,40.62,refunded,162.48
1804,445,11,2025-02-17,Website,4,42.45,cancelled,169.8
1805,195,15,2025-08-26,Amazon,3,64.05,completed,192.15
1806,321,7,2025-09-27,Website,4,112.57,completed,450.28
1807,4,7,2025-08-12,Website,4,112.57,refunded,450.28
1808,68,6,2025-03-18,Amazon,3,78.01,completed,234.03
1809,451,3,2025-09-25,Offline Trade,2,87.18,completed,174.36
1810,377,6,2025-01-25,Website,5,78.01,completed,390.05
1811,46,8,2025-02-25,Offline Trade,5,68.99,refunded,344.95
1812,173,14,2025-08-26,eBay,1,86.37,completed,86.37
1813,483,4,2025-10-27,Website,3,58.85,cancelled,176.55
1814,26,4,2025-02-28,Offline Trade,1,58.85,completed,58.85
1815,106,15,2025-07-21,Website,2,64.05,completed,128.1
1816,119,16,2025-12-27,eBay,4,17.01,completed,68.04
1817,414,3,2025-08-21,Offline Trade,5,87.18,cancelled,435.9
1818,322,5,2025-06-24,Amazon,3,111.48,completed,334.44
1819,162,9,2025-02-10,eBay,2,109.74,completed,219.48
1820,16,5,2025-10-01,Website,4,111.48,completed,445.92
1821,93,3,2025-03-01,Website,4,87.18,completed,348.72
1822,141,4,2025-08-24,Offline Trade,4,58.85,cancelled,235.4
1823,470,3,2025-06-05,eBay,4,87.18,refunded,348.72
1824,376,5,2025-02-14,Amazon,3,111.48,completed,334.44
1825,306,7,2025-04-08,Website,1,112.57,completed,112.57
1826,411,3,2025-01-14,Amazon,2,87.18,refunded,174.36
1827,324,6,2025-11-29,Amazon,2,78.01,refunded,156.02
1828,467,16,2025-04-08,Website,5,17.01,completed,85.05
1829,416,8,2025-03-17,Offline Trade,4,68.99,refunded,275.96
1830,348,11,2025-03-01,Amazon,1,42.45,completed,42.45
1831,78,1,2025-09-06,Offline Trade,4,58.46,completed,233.84
1832,207,13,2025-10-27,Amazon,4,21.93,completed,87.72
1833,330,13,2025-10-19,Offline Trade,3,21.93,completed,65.79
1834,172,15,2025-01-05,Website,3,64.05,refunded,192.15
1835,484,3,2025-09-11,eBay,4,87.18,completed,348.72
1836,64,9,2025-07-24,Offline Trade,4,109.74,cancelled,438.96
1837,435,14,2025-11-10,Offline Trade,5,86.37,completed,431.85
1838,137,13,2025-09-28,Website,1,21.93,refunded,21.93
1839,391,13,2025-06-11,Website,5,21.93,completed,109.65
1840,99,5,2025-08-31,Website,4,111.48,refunded,445.92
1841,356,11,2025-11-27,eBay,5,42.45,refunded,212.25
1842,133,11,2025-01-11,Amazon,4,42.45,completed,169.8
1843,71,12,2025-08-29,eBay,2,71.75,refunded,143.5
1844,52,10,2025-09-17,Amazon,2,16.0,cancelled,32.0
1845,120,9,2025-11-05,Offline Trade,3,109.74,completed,329.22
1846,132,7,2025-12-31,Offline Trade,3,112.57,refunded,337.71
1847,424,1,2025-08-30,Amazon,3,58.46,cancelled,175.38
1848,7,1,2025-05-25,Website,2,58.46,refunded,116.92
1849,145,16,2025-03-30,Amazon,2,17.01,completed,34.02
1850,324,7,2025-09-09,Website,5,112.57,refunded,562.85
1851,74,8,2025-06-05,Amazon,4,68.99,completed,275.96
1852,69,8,2025-01-25,Website,5,68.99,completed,344.95
1853,481,13,2025-07-02,Amazon,3,21.93,completed,65.79
1854,436,13,2025-01-17,Website,5,21.93,completed,109.65
1855,454,15,2025-02-28,Amazon,4,64.05,completed,256.2
1856,380,1,2025-04-25,Offline Trade,5,58.46,completed,292.3
1857,20,7,2025-07-01,Website,3,112.57,cancelled,337.71
1858,296,2,2025-03-19,Website,3,40.62,completed,121.86
1859,237,10,2025-08-23,Website,4,16.0,completed,64.0
1860,247,12,2025-11-09,Website,5,71.75,cancelled,358.75
1861,492,1,2025-09-17,Website,1,58.46,completed,58.46
1862,464,14,2025-04-16,eBay,1,86.37,completed,86.37
1863,193,14,2025-12-29,Offline Trade,3,86.37,cancelled,259.11
1864,152,3,2025-02-20,Amazon,4,87.18,completed,348.72
1865,94,5,2025-03-12,Website,3,111.48,completed,334.44
1866,459,5,2025-08-01,Website,4,111.48,completed,445.92
1867,203,5,2025-06-24,eBay,4,111.48,cancelled,445.92
1868,132,10,2025-02-13,eBay,2,16.0,completed,32.0
1869,411,9,2025-07-04,Amazon,4,109.74,completed,438.96
1870,199,9,2025-08-04,Amazon,5,109.74,completed,548.7
1871,392,4,2025-07-31,Offline Trade,4,58.85,refunded,235.4
1872,260,4,2025-12-16,eBay,5,58.85,completed,294.25
1873,26,11,2025-03-16,Website,4,42.45,cancelled,169.8
1874,439,5,2025-02-13,eBay,1,111.48,completed,111.48
1875,337,12,2025-03-26,Offline Trade,4,71.75,completed,287.0
1876,463,4,2025-01-19,Amazon,4,58.85,cancelled,235.4
1877,356,13,2025-11-20,eBay,1,21.93,refunded,21.93
1878,335,3,2025-12-15,eBay,4,87.18,completed,348.72
1879,229,2,2025-01-05,eBay,3,40.62,cancelled,121.86
1880,64,10,2025-03-17,Offline Trade,5,16.0,refunded,80.0
1881,241,2,2025-10-06,Offline Trade,2,40.62,completed,81.24
1882,193,6,2025-04-12,eBay,4,78.01,completed,312.04
1883,282,16,2025-10-03,eBay,1,17.01,refunded,17.01
1884,148,5,2025-09-24,eBay,2,111.48,completed,222.96
1885,346,8,2025-09-19,eBay,1,68.99,cancelled,68.99
1886,417,4,2025-11-22,Amazon,3,58.85,completed,176.55
1887,354,3,2025-10-04,eBay,1,87.18,completed,87.18
1888,476,7,2025-08-05,Website,3,112.57,completed,337.71
1889,380,7,2025-05-13,eBay,3,112.57,completed,337.71
1890,341,15,2025-11-30,Website,1,64.05,refunded,64.05
1891,473,10,2025-10-21,Website,3,16.0,refunded,48.0
1892,222,4,2025-05-01,Amazon,3,58.85,completed,176.55
1893,465,14,2025-05-26,Amazon,3,86.37,refunded,259.11
1894,178,15,2025-05-07,Website,5,64.05,completed,320.25
1895,312,10,2025-10-26,Amazon,5,16.0,completed,80.0
1896,317,9,2025-02-20,Amazon,4,109.74,refunded,438.96
1897,97,6,2025-02-11,Website,4,78.01,completed,312.04
1898,366,13,2025-03-08,Offline Trade,4,21.93,completed,87.72
1899,54,14,2025-02-09,eBay,4,86.37,cancelled,345.48
1900,354,1,2025-10-29,Offline Trade,4,58.46,completed,233.84
1901,49,11,2025-09-13,Offline Trade,5,42.45,refunded,212.25
1902,281,4,2025-08-02,Amazon,4,58.85,completed,235.4
1903,218,11,2025-03-07,Offline Trade,5,42.45,refunded,212.25
1904,454,7,2025-12-27,Website,2,112.57,completed,225.14
1905,355,1,2025-08-31,Website,4,58.46,completed,233.84
1906,100,14,2025-07-09,Website,5,86.37,cancelled,431.85
1907,127,9,2025-02-26,Website,4,109.74,completed,438.96
1908,268,5,2025-05-29,Website,5,111.48,cancelled,557.4
1909,31,10,2025-03-02,eBay,2,16.0,completed,32.0
1910,354,2,2025-06-05,eBay,3,40.62,refunded,121.86
1911,283,15,2025-03-15,Amazon,1,64.05,cancelled,64.05
1912,38,15,2025-01-25,eBay,4,64.05,completed,256.2
1913,225,10,2025-04-04,Offline Trade,2,16.0,completed,32.0
1914,343,12,2025-10-08,eBay,1,71.75,completed,71.75
1915,252,4,2025-08-02,Offline Trade,1,58.85,cancelled,58.85
1916,290,10,2025-10-17,Offline Trade,3,16.0,completed,48.0
1917,295,4,2025-09-01,Amazon,4,58.85,completed,235.4
1918,212,1,2025-11-22,Offline Trade,5,58.46,refunded,292.3
1919,275,13,2025-03-18,eBay,4,21.93,completed,87.72
1920,307,8,2025-12-07,Offline Trade,5,68.99,refunded,344.95
1921,169,16,2025-07-22,eBay,2,17.01,cancelled,34.02
1922,272,12,2025-12-10,Offline Trade,1,71.75,completed,71.75
1923,71,12,2025-03-26,Website,1,71.75,cancelled,71.75
1924,301,16,2025-10-15,Website,3,17.01,cancelled,51.03
1925,13,12,2025-04-09,Website,1,71.75,cancelled,71.75
1926,395,16,2025-04-07,Offline Trade,5,17.01,cancelled,85.05
1927,195,3,2025-03-03,Amazon,1,87.18,completed,87.18
1928,237,3,2025-04-16,Amazon,3,87.18,cancelled,261.54
1929,48,9,2025-02-13,eBay,4,109.74,refunded,438.96
1930,72,4,2025-01-24,Offline Trade,5,58.85,completed,294.25
1931,351,12,2025-08-12,Amazon,3,71.75,refunded,215.25
1932,295,13,2025-09-28,eBay,1,21.93,refunded,21.93
1933,449,14,2025-02-16,Website,3,86.37,completed,259.11
1934,86,2,2025-03-28,eBay,5,40.62,completed,203.1
1935,379,13,2025-05-11,Website,2,21.93,completed,43.86
1936,456,10,2025-07-28,Amazon,3,16.0,completed,48.0
1937,227,4,2025-06-16,Amazon,5,58.85,completed,294.25
1938,385,15,2025-06-02,Offline Trade,1,64.05,completed,64.05
1939,328,3,2025-03-14,Offline Trade,3,87.18,completed,261.54
1940,10,3,2025-07-12,Website,3,87.18,completed,261.54
1941,273,4,2025-05-03,Amazon,2,58.85,refunded,117.7
1942,264,14,2025-09-16,Offline Trade,5,86.37,completed,431.85
1943,180,9,2025-02-01,eBay,3,109.74,refunded,329.22
1944,85,9,2025-07-28,Website,5,109.74,refunded,548.7
1945,140,2,2025-07-28,Amazon,1,40.62,completed,40.62
1946,499,11,2025-10-11,Website,3,42.45,completed,127.35
1947,131,6,2025-11-30,Amazon,5,78.01,completed,390.05
1948,437,4,2025-07-28,Offline Trade,5,58.85,completed,294.25
1949,46,3,2025-04-15,Amazon,5,87.18,completed,435.9
1950,37,7,2025-03-28,Amazon,5,112.57,cancelled,562.85
1951,25,3,2025-10-12,Offline Trade,4,87.18,completed,348.72
1952,22,7,2025-08-26,eBay,1,112.57,completed,112.57
1953,37,12,2025-01-31,Offline Trade,1,71.75,completed,71.75
1954,463,10,2025-05-09,Offline Trade,5,16.0,completed,80.0
1955,363,6,2025-10-27,eBay,2,78.01,completed,156.02
1956,244,9,2025-10-01,Website,2,109.74,completed,219.48
1957,147,6,2025-07-22,Website,1,78.01,completed,78.01
1958,257,14,2025-05-24,Offline Trade,5,86.37,completed,431.85
1959,284,11,2025-09-16,eBay,5,42.45,completed,212.25
1960,173,7,2025-12-29,Offline Trade,3,112.57,completed,337.71
1961,16,3,2025-12-06,eBay,2,87.18,completed,174.36
1962,78,7,2025-08-24,eBay,2,112.57,completed,225.14
1963,30,6,2025-11-27,Website,2,78.01,cancelled,156.02
1964,378,1,2025-01-03,Website,4,58.46,completed,233.84
1965,284,4,2025-10-12,Offline Trade,4,58.85,refunded,235.4
1966,274,15,2025-02-11,Website,5,64.05,cancelled,320.25
1967,13,16,2025-12-10,Offline Trade,1,17.01,completed,17.01
1968,201,4,2025-07-12,eBay,3,58.85,refunded,176.55
1969,178,4,2025-12-23,Website,2,58.85,completed,117.7
1970,25,10,2025-07-09,Amazon,4,16.0,refunded,64.0
1971,477,6,2025-04-24,Website,1,78.01,completed,78.01
1972,110,2,2025-04-09,Website,3,40.62,cancelled,121.86
1973,97,12,2025-04-24,Amazon,3,71.75,refunded,215.25
1974,496,7,2025-01-19,eBay,3,112.57,refunded,337.71
1975,34,11,2025-04-18,Website,5,42.45,completed,212.25
1976,429,10,2025-02-26,eBay,4,16.0,cancelled,64.0
1977,164,1,2025-09-10,Amazon,5,58.46,cancelled,292.3
1978,336,3,2025-12-04,Amazon,2,87.18,completed,174.36
1979,390,15,2025-03-07,Website,5,64.05,completed,320.25
1980,363,9,2025-10-19,Amazon,3,109.74,cancelled,329.22
1981,320,11,2025-04-09,Website,3,42.45,cancelled,127.35
1982,135,10,2025-05-10,Offline Trade,5,16.0,completed,80.0
1983,477,7,2025-11-25,Website,4,112.57,completed,450.28
1984,460,2,2025-07-28,eBay,4,40.62,completed,162.48
1985,137,8,2025-08-27,Offline Trade,5,68.99,completed,344.95
1986,288,8,2025-01-23,Amazon,5,68.99,completed,344.95
1987,113,9,2025-08-04,Offline Trade,3,109.74,completed,329.22
1988,56,10,2025-07-20,Amazon,1,16.0,completed,16.0
1989,220,15,2025-10-20,Website,1,64.05,completed,64.05
1990,153,14,2025-02-08,Amazon,4,86.37,completed,345.48
1991,144,8,2025-06-18,eBay,2,68.99,completed,137.98
1992,347,11,2025-01-15,Offline Trade,1,42.45,refunded,42.45
1993,487,15,2025-10-31,eBay,1,64.05,completed,64.05
1994,409,2,2025-02-25,Offline Trade,2,40.62,completed,81.24
1995,277,16,2025-01-28,eBay,3,17.01,cancelled,51.03
1996,209,14,2025-02-07,Offline Trade,2,86.37,completed,172.74
1997,89,5,2025-10-24,Website,4,111.48,completed,445.92
1998,395,12,2025-01-18,Offline Trade,1,71.75,completed,71.75
1999,286,11,2025-03-07,Website,1,42.45,refunded,42.45
2000,255,4,2025-06-04,Offline Trade,1,58.85,completed,58.85
